"position","lowerbound","upperbound"
1,"0.12","0.24"
2,"0.16","0.29"
3,"0.16","0.27"
5,"0.12","0.22"
6,"0.12","0.21"
7,"0.11","0.2"
8,"0.12","0.2"
9,"0.2","0.28"
10,"0.2","0.28"
11,"0.16","0.23"
12,"0.17","0.24"
13,"0.19","0.26"
14,"0.1","0.16"
15,"0.1","0.15"
16,"0.11","0.17"
17,"0.09","0.14"
18,"0.13","0.18"
19,"0.1","0.15"
20,"0.14","0.19"
21,"0.09","0.13"
22,"0.09","0.14"
23,"0.09","0.14"
24,"0.1","0.14"
25,"0.1","0.14"
26,"0.13","0.17"
27,"0.11","0.16"
28,"0.12","0.17"
29,"0.12","0.16"
30,"0.12","0.17"
31,"0.11","0.15"
32,"0.12","0.17"
33,"0.11","0.15"
34,"0.16","0.21"
35,"0.16","0.21"
36,"0.18","0.24"
37,"0.17","0.22"
38,"0.17","0.23"
39,"0.11","0.16"
40,"0.12","0.17"
41,"0.1","0.15"
42,"0.11","0.15"
43,"0.11","0.15"
44,"0.1","0.15"
45,"0.1","0.15"
46,"0.1","0.15"
47,"0.1","0.15"
49,"0.1","0.14"
50,"0.11","0.16"
51,"0.12","0.16"
52,"0.12","0.18"
53,"0.11","0.16"
54,"0.11","0.16"
55,"0.14","0.18"
56,"0.15","0.2"
57,"0.14","0.19"
58,"0.14","0.19"
59,"0.19","0.24"
60,"0.19","0.25"
61,"0.2","0.26"
62,"0.19","0.25"
63,"0.18","0.23"
64,"0.14","0.19"
65,"0.11","0.16"
66,"0.13","0.18"
67,"0.12","0.18"
68,"0.15","0.2"
69,"0.12","0.18"
70,"0.11","0.17"
71,"0.11","0.16"
72,"0.1","0.16"
73,"0.1","0.14"
74,"0.1","0.15"
75,"0.1","0.15"
76,"0.1","0.15"
77,"0.1","0.15"
78,"0.1","0.15"
79,"0.11","0.15"
80,"0.2","0.26"
81,"0.1","0.14"
82,"0.1","0.14"
83,"0.1","0.15"
84,"0.18","0.24"
85,"0.16","0.22"
86,"0.17","0.22"
87,"0.18","0.24"
88,"0.19","0.26"
89,"0.11","0.16"
90,"0.11","0.17"
91,"0.11","0.17"
92,"0.12","0.18"
93,"0.11","0.16"
94,"0.11","0.16"
95,"0.11","0.16"
96,"0.12","0.17"
97,"0.12","0.17"
98,"0.1","0.15"
99,"0.1","0.15"
100,"0.11","0.17"
101,"0.1","0.15"
102,"0.1","0.15"
103,"0.09","0.13"
104,"0.09","0.14"
105,"0.08","0.13"
106,"0.08","0.13"
107,"0.09","0.13"
108,"0.09","0.15"
109,"0.14","0.2"
110,"0.14","0.2"
111,"0.14","0.19"
112,"0.15","0.21"
113,"0.08","0.13"
114,"0.1","0.16"
115,"0.11","0.16"
116,"0.13","0.19"
117,"0.11","0.17"
119,"0.12","0.19"
120,"0.13","0.2"
121,"0.12","0.18"
122,"0.11","0.18"
123,"0.12","0.18"
124,"0.14","0.21"
125,"0.12","0.19"
126,"0.12","0.19"
127,"0.13","0.2"
128,"0.14","0.22"
129,"0.12","0.19"
130,"0.12","0.19"
131,"0.14","0.21"
132,"0.16","0.23"
133,"0.14","0.21"
134,"0.18","0.24"
135,"0.18","0.24"
136,"0.21","0.27"
137,"0.18","0.24"
138,"0.2","0.26"
139,"0.13","0.18"
140,"0.16","0.22"
141,"0.12","0.17"
142,"0.15","0.21"
143,"0.15","0.2"
144,"0.17","0.22"
145,"0.14","0.19"
146,"0.14","0.19"
147,"0.14","0.19"
148,"0.12","0.17"
149,"0.11","0.16"
150,"0.1","0.15"
151,"0.08","0.12"
152,"0.14","0.19"
153,"0.08","0.12"
154,"0.11","0.16"
155,"0.1","0.15"
156,"0.12","0.18"
157,"0.12","0.17"
158,"0.12","0.17"
159,"0.17","0.23"
160,"0.18","0.25"
161,"0.17","0.23"
162,"0.17","0.23"
163,"0.18","0.24"
164,"0.13","0.19"
165,"0.13","0.18"
166,"0.15","0.21"
167,"0.15","0.2"
168,"0.16","0.22"
169,"0.15","0.2"
170,"0.15","0.2"
171,"0.13","0.19"
172,"0.18","0.24"
173,"0.17","0.22"
174,"0.15","0.2"
175,"0.15","0.2"
176,"0.16","0.21"
177,"0.14","0.19"
178,"0.14","0.19"
179,"0.15","0.2"
180,"0.15","0.2"
181,"0.12","0.17"
182,"0.12","0.17"
183,"0.12","0.17"
184,"0.19","0.25"
185,"0.18","0.23"
186,"0.18","0.23"
187,"0.18","0.23"
188,"0.15","0.2"
189,"0.09","0.14"
190,"0.12","0.17"
191,"0.09","0.13"
192,"0.09","0.14"
193,"0.09","0.13"
194,"0.09","0.13"
195,"0.09","0.13"
196,"0.11","0.15"
197,"0.1","0.14"
198,"0.1","0.15"
199,"0.1","0.15"
200,"0.11","0.16"
201,"0.1","0.14"
202,"0.1","0.14"
203,"0.1","0.15"
204,"0.09","0.13"
205,"0.1","0.14"
206,"0.1","0.14"
207,"0.1","0.14"
208,"0.1","0.14"
209,"0.15","0.2"
210,"0.15","0.2"
211,"0.15","0.2"
212,"0.16","0.21"
213,"0.15","0.2"
214,"0.1","0.14"
215,"0.18","0.23"
216,"0.11","0.16"
217,"0.11","0.16"
218,"0.11","0.16"
219,"0.1","0.15"
220,"0.1","0.15"
221,"0.1","0.14"
222,"0.1","0.14"
223,"0.09","0.14"
224,"0.1","0.15"
225,"0.09","0.13"
226,"0.09","0.14"
227,"0.09","0.14"
228,"0.1","0.15"
229,"0.09","0.14"
230,"0.09","0.14"
231,"0.09","0.13"
232,"0.1","0.15"
233,"0.09","0.14"
234,"0.15","0.2"
235,"0.17","0.22"
236,"0.19","0.25"
237,"0.18","0.24"
238,"0.13","0.19"
239,"0.14","0.19"
240,"0.15","0.2"
241,"0.17","0.22"
242,"0.19","0.24"
243,"0.2","0.25"
244,"0.2","0.26"
245,"0.18","0.23"
246,"0.21","0.26"
247,"0.18","0.24"
248,"0.21","0.27"
249,"0.19","0.24"
250,"0.17","0.22"
251,"0.16","0.22"
252,"0.17","0.23"
253,"0.16","0.21"
254,"0.15","0.2"
255,"0.15","0.2"
256,"0.15","0.21"
257,"0.09","0.14"
258,"0.09","0.14"
259,"0.15","0.2"
260,"0.16","0.21"
261,"0.14","0.19"
262,"0.14","0.19"
263,"0.15","0.2"
264,"0.11","0.16"
265,"0.11","0.16"
266,"0.11","0.16"
267,"0.12","0.16"
268,"0.12","0.17"
269,"0.26","0.31"
270,"0.27","0.32"
271,"0.26","0.31"
272,"0.27","0.32"
273,"0.24","0.29"
274,"0.24","0.29"
275,"0.25","0.29"
276,"0.26","0.31"
277,"0.25","0.3"
278,"0.09","0.13"
279,"0.08","0.13"
280,"0.09","0.14"
281,"0.08","0.12"
282,"0.08","0.12"
283,"0.08","0.12"
284,"0.14","0.2"
285,"0.14","0.19"
286,"0.14","0.19"
287,"0.14","0.19"
288,"0.15","0.2"
289,"0.11","0.16"
290,"0.15","0.2"
291,"0.14","0.19"
292,"0.15","0.2"
293,"0.14","0.19"
294,"0.14","0.19"
295,"0.14","0.19"
296,"0.15","0.2"
297,"0.14","0.19"
298,"0.14","0.19"
299,"0.14","0.19"
300,"0.15","0.2"
301,"0.14","0.19"
302,"0.14","0.19"
303,"0.15","0.2"
304,"0.16","0.21"
305,"0.12","0.16"
306,"0.12","0.17"
307,"0.13","0.17"
309,"0.17","0.23"
310,"0.17","0.23"
311,"0.17","0.23"
312,"0.18","0.24"
313,"0.17","0.22"
314,"0.12","0.17"
315,"0.13","0.18"
316,"0.14","0.19"
317,"0.13","0.18"
318,"0.13","0.18"
319,"0.13","0.18"
320,"0.15","0.2"
321,"0.14","0.19"
322,"0.1","0.14"
323,"0.1","0.15"
324,"0.1","0.15"
325,"0.1","0.14"
326,"0.1","0.14"
327,"0.1","0.14"
328,"0.11","0.15"
329,"0.1","0.14"
330,"0.09","0.14"
331,"0.09","0.13"
332,"0.09","0.14"
333,"0.09","0.13"
334,"0.12","0.16"
335,"0.12","0.16"
336,"0.1","0.14"
337,"0.08","0.11"
338,"0.05","0.08"
339,"0.07","0.11"
340,"0.08","0.12"
341,"0.04","0.08"
342,"0.1","0.14"
343,"0.13","0.17"
344,"0.13","0.18"
345,"0.13","0.18"
346,"0.16","0.21"
347,"0.12","0.16"
348,"0.13","0.18"
349,"0.12","0.16"
350,"0.12","0.16"
351,"0.14","0.18"
352,"0.12","0.17"
353,"0.11","0.16"
354,"0.12","0.16"
355,"0.12","0.16"
356,"0.14","0.19"
357,"0.14","0.18"
358,"0.1","0.14"
359,"0.13","0.17"
360,"0.11","0.16"
361,"0.12","0.17"
362,"0.14","0.19"
363,"0.14","0.19"
364,"0.17","0.23"
365,"0.15","0.2"
366,"0.16","0.22"
367,"0.1","0.15"
368,"0.12","0.17"
369,"0.2","0.26"
370,"0.19","0.25"
371,"0.16","0.21"
372,"0.18","0.24"
373,"0.1","0.14"
374,"0.17","0.22"
375,"0.16","0.21"
376,"0.18","0.24"
377,"0.2","0.26"
378,"0.23","0.28"
379,"0.22","0.28"
380,"0.19","0.25"
381,"0.15","0.21"
382,"0.22","0.27"
383,"0.25","0.31"
384,"0.24","0.3"
385,"0.21","0.26"
386,"0.19","0.24"
387,"0.09","0.14"
388,"0.13","0.18"
389,"0.09","0.14"
390,"0.14","0.18"
391,"0.09","0.13"
392,"0.14","0.19"
393,"0.09","0.13"
394,"0.09","0.14"
395,"0.1","0.14"
396,"0.12","0.17"
397,"0.1","0.15"
399,"0.1","0.15"
400,"0.11","0.16"
401,"0.11","0.15"
402,"0.1","0.14"
403,"0.21","0.27"
404,"0.18","0.24"
405,"0.22","0.28"
406,"0.23","0.29"
407,"0.26","0.33"
408,"0.33","0.39"
409,"0.26","0.31"
410,"0.28","0.33"
411,"0.27","0.33"
413,"0.24","0.3"
414,"0.29","0.34"
415,"0.28","0.34"
416,"0.3","0.36"
417,"0.38","0.43"
418,"0.25","0.31"
419,"0.26","0.31"
420,"0.29","0.35"
421,"0.24","0.3"
422,"0.16","0.22"
423,"0.16","0.21"
424,"0.15","0.19"
425,"0.14","0.18"
426,"0.09","0.13"
427,"0.13","0.17"
428,"0.14","0.19"
429,"0.13","0.17"
430,"0.12","0.17"
431,"0.09","0.13"
432,"0.15","0.2"
433,"0.14","0.19"
434,"0.14","0.2"
435,"0.15","0.2"
436,"0.16","0.22"
437,"0.11","0.16"
438,"0.1","0.15"
439,"0.11","0.15"
440,"0.14","0.19"
441,"0.14","0.19"
442,"0.1","0.14"
443,"0.11","0.16"
444,"0.16","0.21"
445,"0.16","0.21"
446,"0.24","0.29"
447,"0.14","0.19"
448,"0.14","0.18"
449,"0.26","0.31"
450,"0.17","0.22"
451,"0.12","0.16"
452,"0.19","0.24"
453,"0.2","0.25"
454,"0.12","0.16"
455,"0.23","0.28"
456,"0.25","0.3"
457,"0.14","0.18"
458,"0.15","0.19"
459,"0.12","0.16"
460,"0.15","0.19"
461,"0.1","0.14"
462,"0.11","0.14"
463,"0.11","0.15"
464,"0.11","0.15"
465,"0.11","0.15"
466,"0.12","0.17"
467,"0.13","0.18"
468,"0.14","0.19"
469,"0.12","0.17"
470,"0.16","0.21"
471,"0.13","0.18"
472,"0.17","0.22"
473,"0.19","0.24"
474,"0.16","0.21"
475,"0.22","0.27"
476,"0.22","0.28"
477,"0.19","0.25"
478,"0.16","0.21"
479,"0.14","0.19"
480,"0.27","0.33"
481,"0.28","0.32"
482,"0.31","0.36"
483,"0.32","0.37"
484,"0.43","0.47"
485,"0.34","0.39"
486,"0.38","0.43"
487,"0.33","0.38"
488,"0.27","0.32"
489,"0.33","0.38"
490,"0.32","0.36"
491,"0.23","0.28"
492,"0.27","0.32"
493,"0.32","0.37"
494,"0.3","0.34"
495,"0.18","0.23"
496,"0.21","0.26"
497,"0.11","0.16"
498,"0.2","0.25"
499,"0.16","0.21"
500,"0.2","0.26"
501,"0.32","0.37"
502,"0.21","0.26"
503,"0.14","0.19"
504,"0.15","0.19"
505,"0.22","0.27"
506,"0.14","0.18"
507,"0.17","0.22"
508,"0.2","0.25"
509,"0.17","0.22"
510,"0.16","0.2"
511,"0.16","0.21"
512,"0.13","0.17"
513,"0.12","0.17"
514,"0.13","0.18"
515,"0.14","0.18"
516,"0.15","0.21"
517,"0.17","0.22"
518,"0.14","0.19"
519,"0.13","0.18"
520,"0.12","0.17"
521,"0.1","0.15"
522,"0.1","0.14"
523,"0.11","0.15"
524,"0.21","0.27"
525,"0.19","0.25"
526,"0.2","0.26"
527,"0.2","0.26"
528,"0.21","0.28"
529,"0.19","0.25"
530,"0.19","0.25"
531,"0.19","0.24"
532,"0.23","0.29"
533,"0.22","0.27"
534,"0.22","0.27"
535,"0.22","0.28"
536,"0.27","0.34"
537,"0.23","0.29"
538,"0.24","0.29"
539,"0.26","0.32"
540,"0.28","0.34"
541,"0.3","0.36"
542,"0.3","0.36"
543,"0.3","0.36"
544,"0.23","0.28"
545,"0.21","0.26"
546,"0.21","0.27"
547,"0.2","0.26"
549,"0.22","0.28"
550,"0.25","0.31"
551,"0.26","0.32"
552,"0.25","0.31"
553,"0.32","0.37"
554,"0.37","0.42"
555,"0.39","0.45"
556,"0.43","0.49"
557,"0.41","0.47"
558,"0.43","0.48"
559,"0.44","0.49"
560,"0.48","0.53"
561,"0.46","0.51"
562,"0.47","0.52"
563,"0.48","0.53"
564,"0.52","0.57"
565,"0.49","0.54"
566,"0.49","0.54"
567,"0.48","0.53"
568,"0.5","0.56"
569,"0.48","0.53"
570,"0.48","0.53"
571,"0.43","0.49"
572,"0.45","0.51"
573,"0.45","0.51"
574,"0.46","0.51"
575,"0.46","0.51"
576,"0.48","0.54"
577,"0.45","0.51"
578,"0.46","0.52"
579,"0.45","0.51"
580,"0.47","0.53"
581,"0.43","0.49"
582,"0.44","0.49"
583,"0.42","0.48"
584,"0.43","0.49"
585,"0.39","0.45"
586,"0.38","0.44"
587,"0.36","0.42"
588,"0.36","0.42"
589,"0.29","0.35"
590,"0.26","0.32"
591,"0.23","0.29"
592,"0.21","0.27"
593,"0.17","0.23"
594,"0.08","0.13"
595,"0.08","0.13"
596,"0.09","0.14"
597,"0.09","0.13"
598,"0.09","0.13"
599,"0.09","0.13"
600,"0.09","0.14"
601,"0.08","0.12"
602,"0.08","0.12"
603,"0.08","0.13"
604,"0.08","0.13"
605,"0.09","0.13"
606,"0.09","0.14"
607,"0.08","0.13"
609,"0.13","0.18"
610,"0.13","0.18"
611,"0.13","0.18"
612,"0.14","0.19"
613,"0.12","0.17"
614,"0.25","0.3"
615,"0.18","0.23"
616,"0.22","0.27"
617,"0.22","0.28"
618,"0.25","0.3"
619,"0.26","0.31"
620,"0.29","0.35"
621,"0.29","0.34"
622,"0.31","0.36"
623,"0.31","0.36"
624,"0.36","0.41"
625,"0.35","0.4"
626,"0.37","0.42"
627,"0.39","0.44"
628,"0.42","0.47"
629,"0.4","0.45"
630,"0.4","0.46"
631,"0.4","0.45"
632,"0.41","0.46"
633,"0.37","0.43"
634,"0.38","0.44"
635,"0.38","0.43"
636,"0.4","0.45"
637,"0.38","0.44"
638,"0.38","0.44"
639,"0.37","0.42"
640,"0.37","0.43"
641,"0.34","0.39"
642,"0.33","0.38"
643,"0.32","0.37"
644,"0.33","0.38"
645,"0.29","0.34"
646,"0.28","0.33"
647,"0.24","0.3"
649,"0.26","0.31"
650,"0.26","0.32"
651,"0.23","0.28"
652,"0.22","0.27"
653,"0.18","0.23"
654,"0.19","0.24"
655,"0.18","0.23"
656,"0.21","0.27"
657,"0.22","0.28"
658,"0.23","0.28"
659,"0.27","0.33"
660,"0.26","0.32"
661,"0.27","0.33"
663,"0.27","0.32"
664,"0.26","0.32"
665,"0.23","0.29"
666,"0.23","0.29"
667,"0.23","0.3"
668,"0.25","0.32"
669,"0.25","0.32"
670,"0.26","0.32"
671,"0.25","0.31"
672,"0.24","0.3"
673,"0.19","0.24"
674,"0.18","0.24"
675,"0.19","0.26"
676,"0.21","0.28"
677,"0.16","0.22"
679,"0.16","0.22"
680,"0.17","0.24"
681,"0.16","0.22"
682,"0.15","0.21"
683,"0.16","0.22"
684,"0.17","0.24"
685,"0.21","0.28"
686,"0.22","0.28"
687,"0.25","0.31"
688,"0.29","0.35"
689,"0.25","0.31"
690,"0.27","0.34"
691,"0.3","0.36"
692,"0.34","0.4"
693,"0.34","0.4"
694,"0.36","0.42"
695,"0.36","0.42"
696,"0.41","0.47"
697,"0.39","0.45"
698,"0.39","0.45"
699,"0.39","0.45"
700,"0.43","0.49"
701,"0.42","0.48"
702,"0.35","0.42"
703,"0.32","0.38"
704,"0.32","0.38"
705,"0.27","0.33"
706,"0.25","0.31"
707,"0.22","0.28"
708,"0.21","0.27"
709,"0.16","0.22"
710,"0.12","0.18"
711,"0.12","0.17"
712,"0.13","0.18"
713,"0.11","0.16"
714,"0.11","0.16"
715,"0.12","0.17"
716,"0.12","0.17"
717,"0.1","0.15"
718,"0.1","0.15"
719,"0.1","0.14"
720,"0.1","0.15"
721,"0.05","0.08"
722,"0.05","0.08"
723,"0.04","0.07"
724,"0.04","0.07"
725,"0.04","0.07"
726,"0.04","0.07"
727,"0.03","0.06"
728,"0.03","0.06"
729,"0.03","0.06"
730,"0.03","0.06"
731,"0.03","0.05"
733,"0.03","0.05"
734,"0.07","0.12"
735,"0.07","0.11"
736,"0.1","0.15"
737,"0.08","0.13"
738,"0.08","0.13"
739,"0.09","0.14"
740,"0.09","0.15"
741,"0.08","0.13"
742,"0.08","0.13"
743,"0.08","0.14"
745,"0.08","0.13"
746,"0.1","0.15"
747,"0.11","0.16"
749,"0.11","0.16"
750,"0.11","0.17"
751,"0.12","0.17"
752,"0.13","0.19"
753,"0.12","0.17"
754,"0.12","0.17"
755,"0.12","0.17"
756,"0.12","0.17"
757,"0.1","0.14"
759,"0.15","0.2"
760,"0.16","0.21"
761,"0.17","0.22"
762,"0.17","0.23"
763,"0.18","0.23"
764,"0.14","0.19"
765,"0.14","0.19"
766,"0.14","0.19"
767,"0.14","0.19"
768,"0.18","0.24"
769,"0.2","0.25"
770,"0.22","0.28"
771,"0.23","0.29"
773,"0.23","0.29"
775,"0.23","0.29"
776,"0.26","0.32"
777,"0.21","0.27"
778,"0.21","0.27"
779,"0.21","0.27"
780,"0.22","0.29"
781,"0.2","0.26"
782,"0.2","0.26"
783,"0.2","0.26"
784,"0.23","0.29"
785,"0.2","0.25"
786,"0.2","0.25"
787,"0.22","0.27"
788,"0.25","0.3"
789,"0.23","0.28"
790,"0.25","0.3"
791,"0.27","0.32"
792,"0.31","0.36"
793,"0.3","0.36"
794,"0.32","0.38"
795,"0.34","0.39"
796,"0.38","0.44"
797,"0.36","0.41"
798,"0.39","0.44"
799,"0.4","0.45"
800,"0.42","0.47"
801,"0.37","0.43"
802,"0.4","0.45"
803,"0.4","0.45"
804,"0.42","0.47"
805,"0.4","0.45"
806,"0.44","0.49"
807,"0.46","0.51"
808,"0.47","0.52"
809,"0.46","0.51"
810,"0.43","0.47"
811,"0.45","0.49"
812,"0.45","0.49"
813,"0.45","0.5"
814,"0.46","0.5"
815,"0.46","0.5"
816,"0.5","0.55"
817,"0.49","0.54"
818,"0.49","0.54"
819,"0.48","0.53"
820,"0.48","0.52"
821,"0.43","0.48"
822,"0.43","0.48"
823,"0.42","0.47"
824,"0.47","0.52"
825,"0.45","0.51"
826,"0.34","0.4"
827,"0.31","0.37"
828,"0.29","0.35"
829,"0.26","0.31"
830,"0.24","0.3"
831,"0.19","0.24"
832,"0.21","0.27"
833,"0.16","0.21"
834,"0.16","0.21"
835,"0.16","0.22"
836,"0.17","0.22"
837,"0.1","0.15"
838,"0.1","0.15"
839,"0.1","0.15"
840,"0.09","0.14"
841,"0.08","0.12"
842,"0.08","0.12"
843,"0.08","0.12"
844,"0.13","0.18"
845,"0.12","0.17"
846,"0.11","0.16"
847,"0.11","0.16"
848,"0.12","0.17"
849,"0.11","0.16"
850,"0.11","0.16"
851,"0.11","0.16"
853,"0.11","0.15"
855,"0.11","0.15"
856,"0.12","0.17"
857,"0.11","0.16"
858,"0.11","0.16"
859,"0.11","0.16"
860,"0.09","0.13"
861,"0.09","0.13"
862,"0.03","0.06"
863,"0.03","0.07"
864,"0.04","0.07"
865,"0.06","0.1"
866,"0.14","0.19"
867,"0.14","0.2"
868,"0.16","0.21"
869,"0.15","0.2"
870,"0.15","0.2"
871,"0.14","0.19"
872,"0.15","0.21"
873,"0.13","0.19"
874,"0.11","0.16"
875,"0.1","0.15"
876,"0.14","0.21"
877,"0.13","0.19"
878,"0.12","0.18"
879,"0.12","0.18"
880,"0.12","0.19"
881,"0.12","0.17"
882,"0.18","0.25"
883,"0.19","0.26"
884,"0.21","0.28"
885,"0.19","0.26"
886,"0.17","0.23"
887,"0.1","0.15"
888,"0.11","0.17"
889,"0.1","0.15"
890,"0.1","0.16"
891,"0.1","0.16"
892,"0.11","0.17"
893,"0.11","0.16"
894,"0.11","0.17"
895,"0.12","0.18"
896,"0.11","0.16"
897,"0.12","0.17"
898,"0.13","0.18"
899,"0.14","0.19"
900,"0.14","0.2"
901,"0.12","0.17"
902,"0.13","0.17"
903,"0.12","0.17"
904,"0.13","0.18"
905,"0.12","0.16"
906,"0.12","0.17"
907,"0.16","0.21"
909,"0.15","0.21"
910,"0.16","0.21"
911,"0.15","0.2"
912,"0.1","0.14"
913,"0.09","0.13"
914,"0.07","0.11"
915,"0.07","0.11"
916,"0.08","0.12"
917,"0.08","0.12"
918,"0.08","0.12"
919,"0.08","0.12"
920,"0.09","0.13"
921,"0.08","0.12"
922,"0.08","0.12"
923,"0.08","0.12"
924,"0.09","0.13"
925,"0.08","0.12"
926,"0.11","0.16"
927,"0.11","0.16"
929,"0.1","0.15"
930,"0.1","0.15"
931,"0.11","0.16"
932,"0.18","0.24"
933,"0.16","0.22"
934,"0.17","0.22"
935,"0.17","0.23"
936,"0.18","0.25"
937,"0.11","0.16"
938,"0.1","0.15"
939,"0.09","0.14"
940,"0.14","0.19"
941,"0.13","0.17"
943,"0.12","0.17"
944,"0.13","0.18"
945,"0.12","0.17"
946,"0.1","0.14"
947,"0.1","0.14"
948,"0.11","0.16"
949,"0.1","0.15"
950,"0.1","0.15"
951,"0.1","0.15"
953,"0.1","0.14"
954,"0.1","0.14"
955,"0.1","0.15"
956,"0.09","0.14"
957,"0.08","0.13"
958,"0.1","0.14"
959,"0.15","0.2"
960,"0.16","0.22"
961,"0.14","0.19"
962,"0.09","0.13"
963,"0.09","0.14"
964,"0.1","0.15"
965,"0.1","0.14"
966,"0.11","0.16"
967,"0.09","0.14"
968,"0.1","0.16"
969,"0.1","0.15"
970,"0.1","0.15"
971,"0.1","0.15"
972,"0.11","0.17"
973,"0.1","0.16"
974,"0.1","0.16"
975,"0.1","0.15"
976,"0.1","0.15"
977,"0.1","0.14"
978,"0.1","0.14"
979,"0.1","0.14"
980,"0.11","0.15"
981,"0.1","0.14"
982,"0.11","0.15"
983,"0.1","0.14"
984,"0.15","0.2"
985,"0.15","0.2"
986,"0.17","0.24"
987,"0.12","0.17"
988,"0.12","0.18"
989,"0.11","0.17"
990,"0.11","0.17"
991,"0.11","0.16"
993,"0.11","0.16"
994,"0.11","0.16"
995,"0.13","0.18"
996,"0.13","0.19"
997,"0.12","0.17"
998,"0.12","0.17"
999,"0.12","0.17"
1000,"0.15","0.21"
1001,"0.14","0.18"
1002,"0.14","0.19"
1003,"0.14","0.19"
1004,"0.15","0.2"
1005,"0.15","0.2"
1006,"0.13","0.18"
1007,"0.18","0.23"
1008,"0.18","0.24"
1009,"0.15","0.2"
1010,"0.15","0.2"
1011,"0.15","0.2"
1012,"0.08","0.12"
1013,"0.07","0.12"
1014,"0.07","0.12"
1015,"0.07","0.12"
1016,"0.11","0.16"
1017,"0.1","0.15"
1018,"0.1","0.15"
1019,"0.1","0.15"
1020,"0.11","0.16"
1021,"0.1","0.14"
1022,"0.1","0.14"
1023,"0.09","0.14"
1024,"0.1","0.15"
1025,"0.09","0.14"
1026,"0.09","0.14"
1027,"0.12","0.17"
1028,"0.1","0.15"
1029,"0.09","0.13"
1030,"0.09","0.13"
1031,"0.12","0.17"
1032,"0.18","0.24"
1033,"0.17","0.22"
1034,"0.17","0.22"
1035,"0.12","0.17"
1036,"0.12","0.17"
1037,"0.11","0.16"
1039,"0.11","0.15"
1040,"0.12","0.16"
1041,"0.1","0.15"
1042,"0.1","0.15"
1043,"0.11","0.15"
1044,"0.12","0.16"
1045,"0.11","0.15"
1046,"0.07","0.11"
1047,"0.07","0.11"
1048,"0.08","0.12"
1049,"0.07","0.11"
1050,"0.07","0.11"
1051,"0.07","0.11"
1052,"0.09","0.13"
1053,"0.08","0.12"
1054,"0.08","0.13"
1055,"0.08","0.13"
1056,"0.11","0.16"
1057,"0.15","0.2"
1058,"0.15","0.2"
1059,"0.11","0.15"
1060,"0.11","0.16"
1061,"0.1","0.14"
1062,"0.1","0.14"
1063,"0.09","0.14"
1064,"0.1","0.14"
1065,"0.09","0.13"
1066,"0.09","0.13"
1067,"0.09","0.13"
1068,"0.09","0.14"
1069,"0.07","0.11"
1070,"0.07","0.11"
1071,"0.07","0.11"
1072,"0.07","0.11"
1073,"0.07","0.1"
1074,"0.07","0.11"
1075,"0.07","0.11"
1076,"0.08","0.12"
1077,"0.07","0.12"
1078,"0.07","0.12"
1079,"0.07","0.12"
1080,"0.08","0.13"
1081,"0.08","0.12"
1082,"0.14","0.19"
1083,"0.14","0.19"
1084,"0.15","0.21"
1085,"0.14","0.19"
1086,"0.14","0.2"
1087,"0.08","0.12"
1088,"0.08","0.13"
1089,"0.08","0.12"
1090,"0.08","0.12"
1091,"0.07","0.12"
1093,"0.07","0.12"
1094,"0.08","0.12"
1095,"0.08","0.12"
1096,"0.08","0.13"
1097,"0.07","0.12"
1098,"0.07","0.12"
1099,"0.08","0.12"
1100,"0.08","0.13"
1101,"0.08","0.12"
1102,"0.08","0.12"
1103,"0.08","0.13"
1105,"0.08","0.12"
1106,"0.08","0.12"
1107,"0.13","0.18"
1109,"0.14","0.19"
1110,"0.14","0.19"
1111,"0.14","0.19"
1112,"0.09","0.13"
1113,"0.08","0.12"
1114,"0.07","0.11"
1115,"0.08","0.12"
1116,"0.1","0.15"
1117,"0.09","0.14"
1118,"0.1","0.15"
1119,"0.09","0.14"
1120,"0.09","0.15"
1121,"0.1","0.15"
1122,"0.1","0.15"
1123,"0.11","0.17"
1125,"0.11","0.17"
1126,"0.14","0.21"
1127,"0.05","0.1"
1128,"0.05","0.11"
1129,"0.04","0.09"
1130,"0.04","0.09"
1131,"0.04","0.09"
1133,"0.05","0.1"
1134,"0.14","0.21"
1135,"0.14","0.21"
1136,"0.14","0.21"
1137,"0.13","0.19"
1138,"0.13","0.19"
1139,"0.14","0.2"
1140,"0.19","0.26"
1141,"0.22","0.28"
1142,"0.25","0.31"
1143,"0.28","0.34"
1144,"0.32","0.39"
1145,"0.32","0.38"
1146,"0.35","0.4"
1147,"0.37","0.43"
1148,"0.4","0.46"
1149,"0.4","0.45"
1150,"0.4","0.45"
1151,"0.39","0.44"
1152,"0.41","0.46"
1153,"0.38","0.44"
1154,"0.38","0.44"
1155,"0.38","0.43"
1156,"0.44","0.5"
1157,"0.43","0.49"
1158,"0.44","0.49"
1159,"0.43","0.49"
1160,"0.43","0.49"
1161,"0.39","0.44"
1162,"0.39","0.44"
1163,"0.37","0.43"
1164,"0.4","0.46"
1165,"0.37","0.42"
1166,"0.32","0.38"
1167,"0.32","0.37"
1169,"0.31","0.37"
1170,"0.31","0.37"
1171,"0.29","0.34"
1172,"0.28","0.33"
1173,"0.24","0.29"
1174,"0.22","0.27"
1175,"0.19","0.24"
1176,"0.22","0.27"
1177,"0.16","0.21"
1178,"0.15","0.2"
1179,"0.16","0.21"
1180,"0.12","0.17"
1181,"0.11","0.16"
1182,"0.11","0.16"
1183,"0.12","0.16"
1184,"0.07","0.1"
1185,"0.07","0.1"
1186,"0.07","0.1"
1187,"0.07","0.1"
1188,"0.07","0.11"
1189,"0.07","0.11"
1190,"0.07","0.11"
1191,"0.07","0.11"
1192,"0.07","0.11"
1193,"0.07","0.1"
1194,"0.05","0.08"
1195,"0.05","0.08"
1196,"0.05","0.08"
1197,"0.04","0.07"
1198,"0.04","0.07"
1199,"0.04","0.07"
1200,"0.04","0.07"
1201,"0.03","0.06"
1202,"0.03","0.06"
1203,"0.03","0.06"
1204,"0.03","0.07"
1205,"0.04","0.07"
1206,"0.05","0.09"
1207,"0.06","0.09"
1208,"0.08","0.11"
1209,"0.07","0.11"
1210,"0.06","0.1"
1211,"0.07","0.1"
1212,"0.07","0.11"
1213,"0.07","0.1"
1214,"0.06","0.1"
1215,"0.06","0.1"
1216,"0.08","0.13"
1217,"0.02","0.05"
1218,"0.02","0.05"
1219,"0.02","0.05"
1220,"0.08","0.12"
1221,"0.08","0.11"
1222,"0.08","0.11"
1223,"0.07","0.11"
1224,"0.08","0.12"
1225,"0.07","0.11"
1226,"0.09","0.13"
1227,"0.09","0.14"
1228,"0.1","0.15"
1229,"0.01","0.05"
1230,"0.01","0.05"
1231,"0.01","0.04"
1232,"0.01","0.05"
1233,"0.01","0.04"
1234,"0.01","0.04"
1235,"0.01","0.04"
1236,"0.07","0.12"
1237,"0.06","0.11"
1238,"0.06","0.11"
1239,"0.06","0.11"
1240,"0.07","0.12"
1241,"0.06","0.1"
1242,"0.05","0.1"
1243,"0.06","0.1"
1244,"0.06","0.11"
1245,"0.06","0.1"
1246,"0.06","0.1"
1247,"0.11","0.16"
1248,"0.16","0.22"
1249,"0.17","0.23"
1250,"0.2","0.26"
1251,"0.24","0.29"
1252,"0.28","0.34"
1253,"0.29","0.35"
1254,"0.31","0.37"
1255,"0.33","0.39"
1256,"0.36","0.42"
1257,"0.35","0.41"
1258,"0.37","0.43"
1259,"0.38","0.44"
1260,"0.41","0.47"
1261,"0.39","0.44"
1262,"0.4","0.45"
1263,"0.38","0.44"
1264,"0.38","0.44"
1265,"0.37","0.43"
1266,"0.41","0.47"
1267,"0.4","0.46"
1268,"0.4","0.47"
1269,"0.38","0.45"
1270,"0.36","0.43"
1271,"0.38","0.46"
1272,"0.39","0.48"
1273,"0.38","0.47"
