"upperbound","position","lowerbound"
"1.0",1,"0.04"
"1.0",2,"0.22"
"1.0",3,"0.22"
"1.0",4,"0.22"
"1.0",5,"0.22"
"0.37",6,"0.05"
"0.37",7,"0.05"
"0.36",8,"0.06"
"0.36",9,"0.06"
"0.36",10,"0.06"
"0.24",11,"0.04"
"0.24",12,"0.04"
"0.24",13,"0.04"
"0.08",14,"0.02"
"0.08",15,"0.02"
"0.1",16,"0.03"
"0.08",17,"0.03"
"0.1",18,"0.03"
"0.08",19,"0.03"
"0.09",20,"0.03"
"0.09",21,"0.03"
"0.09",22,"0.03"
"0.09",23,"0.03"
"0.1",24,"0.05"
"0.11",25,"0.05"
"0.11",26,"0.05"
"0.11",27,"0.05"
"0.12",28,"0.06"
"0.11",29,"0.06"
"0.12",30,"0.06"
"0.11",31,"0.05"
"0.11",32,"0.05"
"0.12",33,"0.05"
"0.12",34,"0.05"
"0.12",35,"0.06"
"0.16",36,"0.09"
"0.16",37,"0.09"
"0.15",38,"0.08"
"0.15",39,"0.08"
"0.15",40,"0.08"
"0.16",41,"0.09"
"0.16",42,"0.09"
"0.16",43,"0.09"
"0.13",44,"0.07"
"0.13",45,"0.07"
"0.13",46,"0.07"
"0.13",47,"0.07"
"0.13",48,"0.07"
"0.13",49,"0.07"
"0.12",50,"0.06"
"0.14",51,"0.07"
"0.13",52,"0.07"
"0.13",53,"0.07"
"0.21",54,"0.11"
"0.27",55,"0.17"
"0.27",56,"0.17"
"0.27",57,"0.17"
"0.27",58,"0.17"
"0.27",59,"0.17"
"0.24",60,"0.14"
"0.26",61,"0.15"
"0.26",62,"0.15"
"0.2",63,"0.1"
"0.18",64,"0.09"
"0.18",65,"0.09"
"0.18",66,"0.09"
"0.18",67,"0.09"
"0.18",68,"0.09"
"0.1",69,"0.03"
"0.1",70,"0.03"
"0.1",71,"0.03"
"0.09",72,"0.02"
"0.09",73,"0.02"
"0.06",74,"0.02"
"0.06",75,"0.02"
"0.06",76,"0.02"
"0.1",77,"0.04"
"0.11",78,"0.05"
"0.13",79,"0.07"
"0.13",80,"0.07"
"0.13",81,"0.07"
"0.13",82,"0.07"
"0.14",83,"0.08"
"0.19",84,"0.11"
"0.17",85,"0.09"
"0.17",86,"0.09"
"0.16",87,"0.07"
"0.16",88,"0.08"
"0.17",89,"0.08"
"0.17",90,"0.08"
"0.17",91,"0.08"
"0.17",92,"0.09"
"0.15",93,"0.08"
"0.13",94,"0.06"
"0.14",95,"0.07"
"0.14",96,"0.07"
"0.14",97,"0.07"
"0.1",98,"0.04"
"0.1",99,"0.04"
"0.1",100,"0.04"
"0.1",101,"0.04"
"0.1",102,"0.04"
"0.1",103,"0.04"
"0.09",104,"0.03"
"0.08",105,"0.02"
"0.08",106,"0.02"
"0.07",107,"0.02"
"0.07",108,"0.02"
"0.08",109,"0.03"
"0.08",110,"0.03"
"0.08",111,"0.03"
"0.08",112,"0.03"
"0.08",113,"0.03"
"0.17",114,"0.05"
"0.17",115,"0.05"
"0.16",116,"0.05"
"0.16",117,"0.05"
"0.2",118,"0.04"
"0.2",119,"0.04"
"0.2",120,"0.04"
"0.23",121,"0.06"
"0.23",122,"0.06"
"0.32",123,"0.12"
"0.23",124,"0.06"
"0.23",125,"0.06"
"0.2",126,"0.06"
"0.2",127,"0.06"
"0.2",128,"0.06"
"0.2",129,"0.06"
"0.2",130,"0.06"
"0.25",131,"0.09"
"0.25",132,"0.09"
"0.25",133,"0.09"
"0.11",134,"0.04"
"0.14",135,"0.07"
"0.14",136,"0.06"
"0.14",137,"0.06"
"0.14",138,"0.06"
"0.13",139,"0.06"
"0.16",140,"0.08"
"0.13",141,"0.06"
"0.16",142,"0.08"
"0.13",143,"0.06"
"0.15",144,"0.08"
"0.1",145,"0.05"
"0.07",146,"0.02"
"0.07",147,"0.02"
"0.05",148,"0.02"
"0.05",149,"0.02"
"0.08",150,"0.03"
"0.07",151,"0.03"
"0.08",152,"0.03"
"0.07",153,"0.02"
"0.1",154,"0.03"
"0.1",155,"0.03"
"0.1",156,"0.03"
"0.14",157,"0.05"
"0.14",158,"0.05"
"0.16",159,"0.08"
"0.16",160,"0.08"
"0.19",161,"0.1"
"0.2",162,"0.1"
"0.2",163,"0.1"
"0.23",164,"0.13"
"0.2",165,"0.1"
"0.24",166,"0.15"
"0.24",167,"0.15"
"0.25",168,"0.16"
"0.24",169,"0.16"
"0.24",170,"0.16"
"0.2",171,"0.12"
"0.2",172,"0.11"
"0.2",173,"0.11"
"0.14",174,"0.08"
"0.14",175,"0.08"
"0.15",176,"0.09"
"0.15",177,"0.09"
"0.13",178,"0.07"
"0.13",179,"0.07"
"0.13",180,"0.07"
"0.07",181,"0.03"
"0.07",182,"0.03"
"0.07",183,"0.03"
"0.15",184,"0.08"
"0.15",185,"0.08"
"0.13",186,"0.06"
"0.13",187,"0.06"
"0.13",188,"0.06"
"0.13",189,"0.06"
"0.13",190,"0.06"
"0.11",191,"0.05"
"0.11",192,"0.06"
"0.11",193,"0.06"
"0.11",194,"0.06"
"0.11",195,"0.06"
"0.12",196,"0.07"
"0.12",197,"0.07"
"0.12",198,"0.07"
"0.12",199,"0.07"
"0.12",200,"0.07"
"0.13",201,"0.07"
"0.12",202,"0.07"
"0.14",203,"0.08"
"0.09",204,"0.04"
"0.1",205,"0.05"
"0.1",206,"0.05"
"0.1",207,"0.05"
"0.1",208,"0.05"
"0.11",209,"0.06"
"0.11",210,"0.06"
"0.1",211,"0.05"
"0.1",212,"0.05"
"0.09",213,"0.04"
"0.08",214,"0.04"
"0.08",215,"0.04"
"0.1",216,"0.05"
"0.1",217,"0.05"
"0.1",218,"0.05"
"0.1",219,"0.05"
"0.09",220,"0.04"
"0.09",221,"0.04"
"0.09",222,"0.04"
"0.08",223,"0.04"
"0.09",224,"0.04"
"0.09",225,"0.04"
"0.09",226,"0.04"
"0.08",227,"0.03"
"0.09",228,"0.04"
"0.09",229,"0.04"
"0.09",230,"0.04"
"0.09",231,"0.04"
"0.1",232,"0.04"
"0.1",233,"0.04"
"0.1",234,"0.04"
"0.13",235,"0.07"
"0.14",236,"0.08"
"0.14",237,"0.08"
"0.14",238,"0.08"
"0.14",239,"0.08"
"0.15",240,"0.08"
"0.15",241,"0.09"
"0.16",242,"0.1"
"0.17",243,"0.1"
"0.14",244,"0.08"
"0.14",245,"0.07"
"0.15",246,"0.08"
"0.14",247,"0.08"
"0.14",248,"0.08"
"0.14",249,"0.08"
"0.09",250,"0.04"
"0.07",251,"0.02"
"0.07",252,"0.02"
"0.07",253,"0.02"
"0.07",254,"0.02"
"0.07",255,"0.02"
"0.06",256,"0.02"
"0.06",257,"0.02"
"0.07",258,"0.02"
"0.07",259,"0.02"
"0.07",260,"0.02"
"0.07",261,"0.02"
"0.07",262,"0.02"
"0.1",263,"0.04"
"0.12",264,"0.06"
"0.16",265,"0.1"
"0.16",266,"0.1"
"0.16",267,"0.09"
"0.16",268,"0.09"
"0.37",269,"0.3"
"0.38",270,"0.31"
"0.38",271,"0.3"
"0.38",272,"0.3"
"0.34",273,"0.27"
"0.34",274,"0.28"
"0.34",275,"0.28"
"0.35",276,"0.28"
"0.35",277,"0.28"
"0.05",278,"0.01"
"0.05",279,"0.01"
"0.05",280,"0.01"
"0.05",281,"0.01"
"0.05",282,"0.01"
"0.04",283,"0.01"
"0.05",284,"0.01"
"0.05",285,"0.01"
"0.05",286,"0.01"
"0.05",287,"0.01"
"0.05",288,"0.01"
"0.05",289,"0.01"
"0.05",290,"0.01"
"0.05",291,"0.02"
"0.06",292,"0.02"
"0.06",293,"0.02"
"0.05",294,"0.02"
"0.05",295,"0.02"
"0.05",296,"0.02"
"0.07",297,"0.03"
"0.07",298,"0.03"
"0.07",299,"0.03"
"0.07",300,"0.03"
"0.07",301,"0.03"
"0.07",302,"0.03"
"0.08",303,"0.03"
"0.08",304,"0.03"
"0.07",305,"0.03"
"0.07",306,"0.03"
"0.06",307,"0.02"
"0.06",308,"0.02"
"0.06",309,"0.02"
"0.06",310,"0.02"
"0.06",311,"0.02"
"0.06",312,"0.02"
"0.06",313,"0.02"
"0.1",314,"0.03"
"0.1",315,"0.03"
"0.1",316,"0.03"
"0.1",317,"0.03"
"0.1",318,"0.03"
"0.1",319,"0.03"
"0.13",320,"0.06"
"0.15",321,"0.07"
"0.15",322,"0.07"
"0.16",323,"0.08"
"0.29",324,"0.14"
"0.29",325,"0.14"
"0.27",326,"0.13"
"0.27",327,"0.13"
"0.27",328,"0.14"
"0.27",329,"0.14"
"0.19",330,"0.09"
"0.21",331,"0.1"
"0.21",332,"0.1"
"0.21",333,"0.1"
"0.22",334,"0.14"
"0.22",335,"0.14"
"0.12",336,"0.05"
"0.21",337,"0.13"
"0.11",338,"0.05"
"0.18",339,"0.11"
"0.18",340,"0.11"
"0.12",341,"0.05"
"0.11",342,"0.05"
"0.2",343,"0.12"
"0.15",344,"0.09"
"0.16",345,"0.1"
"0.18",346,"0.12"
"0.1",347,"0.05"
"0.1",348,"0.05"
"0.1",349,"0.05"
"0.1",350,"0.05"
"0.1",351,"0.05"
"0.1",352,"0.05"
"0.09",353,"0.04"
"0.13",354,"0.06"
"0.12",355,"0.06"
"0.2",356,"0.12"
"0.19",357,"0.11"
"0.1",358,"0.04"
"0.18",359,"0.11"
"0.11",360,"0.05"
"0.22",361,"0.13"
"0.11",362,"0.04"
"0.11",363,"0.04"
"0.18",364,"0.07"
"0.2",365,"0.09"
"0.24",366,"0.1"
"0.24",367,"0.1"
"0.25",368,"0.11"
"0.53",369,"0.4"
"0.54",370,"0.4"
"0.43",371,"0.28"
"0.45",372,"0.3"
"0.25",373,"0.11"
"0.46",374,"0.31"
"0.45",375,"0.3"
"0.45",376,"0.3"
"0.54",377,"0.41"
"0.53",378,"0.4"
"0.59",379,"0.44"
"0.51",380,"0.35"
"0.44",381,"0.29"
"0.48",382,"0.32"
"0.57",383,"0.43"
"0.36",384,"0.26"
"0.36",385,"0.26"
"0.3",386,"0.21"
"0.16",387,"0.08"
"0.27",388,"0.17"
"0.16",389,"0.08"
"0.29",390,"0.19"
"0.16",391,"0.07"
"0.29",392,"0.19"
"0.16",393,"0.07"
"0.12",394,"0.06"
"0.12",395,"0.06"
"0.12",396,"0.06"
"0.12",397,"0.06"
"0.12",398,"0.06"
"0.12",399,"0.06"
"0.13",400,"0.06"
"0.13",401,"0.06"
"0.11",402,"0.05"
"0.27",403,"0.19"
"0.1",404,"0.03"
"0.15",405,"0.07"
"0.12",406,"0.05"
"0.11",407,"0.05"
"0.26",408,"0.17"
"0.13",409,"0.06"
"0.12",410,"0.06"
"0.13",411,"0.06"
"0.24",412,"0.15"
"0.13",413,"0.06"
"0.31",414,"0.21"
"0.21",415,"0.13"
"0.21",416,"0.13"
"0.27",417,"0.18"
"0.14",418,"0.07"
"0.14",419,"0.07"
"0.23",420,"0.14"
"0.24",421,"0.15"
"0.15",422,"0.07"
"0.15",423,"0.07"
"0.12",424,"0.07"
"0.12",425,"0.07"
"0.1",426,"0.05"
"0.17",427,"0.11"
"0.18",428,"0.11"
"0.18",429,"0.11"
"0.18",430,"0.11"
"0.09",431,"0.05"
"0.11",432,"0.05"
"0.11",433,"0.05"
"0.08",434,"0.03"
"0.09",435,"0.03"
"0.07",436,"0.02"
"0.08",437,"0.03"
"0.08",438,"0.03"
"0.09",439,"0.04"
"0.12",440,"0.06"
"0.18",441,"0.11"
"0.1",442,"0.05"
"0.1",443,"0.05"
"0.16",444,"0.1"
"0.22",445,"0.15"
"0.3",446,"0.23"
"0.13",447,"0.07"
"0.15",448,"0.09"
"0.32",449,"0.25"
"0.19",450,"0.12"
"0.13",451,"0.07"
"0.19",452,"0.13"
"0.25",453,"0.18"
"0.13",454,"0.08"
"0.27",455,"0.2"
"0.26",456,"0.2"
"0.17",457,"0.11"
"0.17",458,"0.11"
"0.13",459,"0.08"
"0.16",460,"0.11"
"0.11",461,"0.06"
"0.11",462,"0.07"
"0.12",463,"0.07"
"0.12",464,"0.07"
"0.13",465,"0.07"
"0.14",466,"0.08"
"0.14",467,"0.08"
"0.14",468,"0.08"
"0.13",469,"0.07"
"0.15",470,"0.09"
"0.14",471,"0.07"
"0.14",472,"0.07"
"0.2",473,"0.13"
"0.16",474,"0.09"
"0.24",475,"0.15"
"0.22",476,"0.13"
"0.2",477,"0.12"
"0.13",478,"0.06"
"0.12",479,"0.05"
"0.39",480,"0.32"
"0.39",481,"0.32"
"0.4",482,"0.33"
"0.4",483,"0.33"
"0.43",484,"0.36"
"0.41",485,"0.34"
"0.42",486,"0.35"
"0.41",487,"0.34"
"0.35",488,"0.28"
"0.41",489,"0.34"
"0.42",490,"0.35"
"0.35",491,"0.28"
"0.37",492,"0.3"
"0.43",493,"0.36"
"0.41",494,"0.34"
"0.25",495,"0.18"
"0.24",496,"0.16"
"0.12",497,"0.07"
"0.25",498,"0.18"
"0.23",499,"0.16"
"0.24",500,"0.17"
"0.28",501,"0.2"
"0.28",502,"0.2"
"0.14",503,"0.08"
"0.15",504,"0.09"
"0.3",505,"0.22"
"0.16",506,"0.09"
"0.16",507,"0.09"
"0.16",508,"0.1"
"0.13",509,"0.07"
"0.12",510,"0.06"
"0.15",511,"0.08"
"0.14",512,"0.08"
"0.16",513,"0.09"
"0.17",514,"0.11"
"0.18",515,"0.11"
"0.17",516,"0.1"
"0.23",517,"0.16"
"0.15",518,"0.09"
"0.14",519,"0.07"
"0.12",520,"0.06"
"0.1",521,"0.05"
"0.1",522,"0.05"
"0.1",523,"0.05"
"0.37",524,"0.27"
"0.39",525,"0.28"
"0.39",526,"0.29"
"0.39",527,"0.29"
"0.39",528,"0.29"
"0.39",529,"0.29"
"0.39",530,"0.29"
"0.39",531,"0.29"
"0.33",532,"0.24"
"0.33",533,"0.24"
"0.33",534,"0.24"
"0.34",535,"0.24"
"0.34",536,"0.24"
"0.34",537,"0.24"
"0.34",538,"0.24"
"0.36",539,"0.26"
"0.36",540,"0.26"
"0.38",541,"0.28"
"0.38",542,"0.28"
"0.38",543,"0.28"
"0.1",544,"0.04"
"0.1",545,"0.04"
"0.1",546,"0.05"
"0.09",547,"0.04"
"0.07",548,"0.03"
"0.07",549,"0.03"
"0.07",550,"0.03"
"0.07",551,"0.03"
"0.07",552,"0.03"
"0.1",553,"0.05"
"0.23",554,"0.15"
"0.23",555,"0.15"
"0.27",556,"0.18"
"0.27",557,"0.18"
"0.27",558,"0.19"
"0.27",559,"0.19"
"0.3",560,"0.21"
"0.31",561,"0.21"
"0.31",562,"0.21"
"0.31",563,"0.21"
"0.38",564,"0.28"
"0.38",565,"0.28"
"0.38",566,"0.28"
"0.38",567,"0.28"
"0.38",568,"0.28"
"0.38",569,"0.28"
"0.38",570,"0.28"
"0.34",571,"0.23"
"0.34",572,"0.23"
"0.38",573,"0.26"
"0.38",574,"0.26"
"0.38",575,"0.26"
"0.38",576,"0.26"
"0.38",577,"0.26"
"0.38",578,"0.26"
"0.38",579,"0.26"
"0.38",580,"0.26"
"0.37",581,"0.26"
"0.37",582,"0.26"
"0.33",583,"0.23"
"0.25",584,"0.16"
"0.25",585,"0.16"
"0.25",586,"0.16"
"0.25",587,"0.16"
"0.25",588,"0.16"
"0.25",589,"0.16"
"0.25",590,"0.16"
"0.25",591,"0.16"
"0.25",592,"0.16"
"0.27",593,"0.17"
"0.07",594,"0.02"
"0.07",595,"0.02"
"0.07",596,"0.02"
"0.07",597,"0.02"
"0.06",598,"0.02"
"0.06",599,"0.02"
"0.06",600,"0.02"
"0.06",601,"0.02"
"0.06",602,"0.02"
"0.07",603,"0.02"
"0.05",604,"0.01"
"0.05",605,"0.01"
"0.05",606,"0.01"
"0.05",607,"0.01"
"0.05",608,"0.01"
"0.05",609,"0.01"
"0.06",610,"0.02"
"0.06",611,"0.02"
"0.06",612,"0.02"
"0.06",613,"0.01"
"0.05",614,"0.01"
"0.05",615,"0.01"
"0.05",616,"0.01"
"0.05",617,"0.01"
"0.05",618,"0.01"
"0.05",619,"0.01"
"0.05",620,"0.01"
"0.04",621,"0.01"
"0.05",622,"0.01"
"0.05",623,"0.01"
"0.12",624,"0.06"
"0.12",625,"0.06"
"0.12",626,"0.06"
"0.12",627,"0.06"
"0.13",628,"0.06"
"0.13",629,"0.06"
"0.12",630,"0.06"
"0.12",631,"0.06"
"0.12",632,"0.06"
"0.12",633,"0.06"
"0.13",634,"0.06"
"0.13",635,"0.07"
"0.13",636,"0.07"
"0.13",637,"0.07"
"0.13",638,"0.07"
"0.13",639,"0.07"
"0.13",640,"0.07"
"0.13",641,"0.07"
"0.13",642,"0.07"
"0.13",643,"0.07"
"0.08",644,"0.03"
"0.08",645,"0.03"
"0.08",646,"0.03"
"0.06",647,"0.02"
"0.06",648,"0.02"
"0.06",649,"0.02"
"0.06",650,"0.02"
"0.08",651,"0.03"
"0.08",652,"0.03"
"0.08",653,"0.03"
"0.17",654,"0.1"
"0.17",655,"0.1"
"0.19",656,"0.12"
"0.19",657,"0.12"
"0.21",658,"0.13"
"0.21",659,"0.13"
"0.21",660,"0.13"
"0.2",661,"0.13"
"0.2",662,"0.13"
"0.2",663,"0.13"
"0.25",664,"0.15"
"0.23",665,"0.14"
"0.22",666,"0.12"
"0.22",667,"0.12"
"0.22",668,"0.12"
"0.27",669,"0.15"
"0.27",670,"0.15"
"0.33",671,"0.21"
"0.33",672,"0.21"
"0.33",673,"0.22"
"0.36",674,"0.2"
"0.44",675,"0.26"
"0.49",676,"0.29"
"0.49",677,"0.29"
"0.49",678,"0.29"
"0.49",679,"0.29"
"0.46",680,"0.28"
"0.46",681,"0.28"
"0.46",682,"0.28"
"0.48",683,"0.31"
"0.46",684,"0.29"
"0.47",685,"0.32"
"0.41",686,"0.26"
"0.42",687,"0.27"
"0.44",688,"0.28"
"0.49",689,"0.29"
"0.54",690,"0.31"
"0.47",691,"0.3"
"0.5",692,"0.32"
"0.5",693,"0.32"
"0.49",694,"0.32"
"0.49",695,"0.32"
"0.47",696,"0.29"
"0.47",697,"0.29"
"0.47",698,"0.29"
"0.41",699,"0.26"
"0.31",700,"0.13"
"0.29",701,"0.13"
"0.28",702,"0.12"
"0.24",703,"0.11"
"0.24",704,"0.11"
"0.24",705,"0.11"
"0.15",706,"0.08"
"0.15",707,"0.08"
"0.15",708,"0.08"
"0.15",709,"0.08"
"0.15",710,"0.08"
"0.14",711,"0.07"
"0.14",712,"0.07"
"0.14",713,"0.07"
"0.14",714,"0.07"
"0.14",715,"0.07"
"0.11",716,"0.06"
"0.11",717,"0.06"
"0.11",718,"0.06"
"0.11",719,"0.06"
"0.11",720,"0.05"
"0.12",721,"0.06"
"0.12",722,"0.06"
"0.1",723,"0.05"
"0.1",724,"0.05"
"0.1",725,"0.05"
"0.1",726,"0.05"
"0.09",727,"0.04"
"0.09",728,"0.04"
"0.09",729,"0.04"
"0.09",730,"0.04"
"0.08",731,"0.03"
"0.08",732,"0.03"
"0.08",733,"0.04"
"0.05",734,"0.01"
"0.05",735,"0.01"
"0.07",736,"0.01"
"0.07",737,"0.01"
"0.07",738,"0.01"
"0.07",739,"0.01"
"0.07",740,"0.01"
"0.07",741,"0.01"
"0.07",742,"0.01"
"0.07",743,"0.01"
"0.07",744,"0.01"
"0.07",745,"0.01"
"0.15",746,"0.07"
"0.16",747,"0.08"
"0.16",748,"0.08"
"0.16",749,"0.08"
"0.16",750,"0.08"
"0.18",751,"0.1"
"0.18",752,"0.1"
"0.18",753,"0.1"
"0.18",754,"0.1"
"0.18",755,"0.1"
"0.13",756,"0.08"
"0.11",757,"0.06"
"0.11",758,"0.06"
"0.11",759,"0.06"
"0.11",760,"0.06"
"0.12",761,"0.06"
"0.11",762,"0.06"
"0.11",763,"0.06"
"0.11",764,"0.06"
"0.11",765,"0.06"
"0.07",766,"0.03"
"0.07",767,"0.03"
"0.07",768,"0.03"
"0.08",769,"0.03"
"0.08",770,"0.03"
"0.08",771,"0.03"
"0.08",772,"0.03"
"0.08",773,"0.03"
"0.08",774,"0.03"
"0.08",775,"0.03"
"0.1",776,"0.04"
"0.11",777,"0.04"
"0.1",778,"0.04"
"0.12",779,"0.05"
"0.12",780,"0.06"
"0.12",781,"0.06"
"0.12",782,"0.06"
"0.12",783,"0.06"
"0.12",784,"0.06"
"0.1",785,"0.06"
"0.1",786,"0.06"
"0.1",787,"0.06"
"0.1",788,"0.06"
"0.1",789,"0.05"
"0.1",790,"0.05"
"0.09",791,"0.04"
"0.09",792,"0.04"
"0.1",793,"0.05"
"0.1",794,"0.05"
"0.1",795,"0.05"
"0.1",796,"0.05"
"0.1",797,"0.05"
"0.09",798,"0.04"
"0.09",799,"0.04"
"0.09",800,"0.04"
"0.1",801,"0.05"
"0.34",802,"0.27"
"0.36",803,"0.29"
"0.36",804,"0.29"
"0.35",805,"0.28"
"0.45",806,"0.38"
"0.45",807,"0.38"
"0.45",808,"0.38"
"0.46",809,"0.39"
"0.46",810,"0.39"
"0.45",811,"0.38"
"0.45",812,"0.38"
"0.47",813,"0.39"
"0.47",814,"0.39"
"0.49",815,"0.41"
"0.53",816,"0.45"
"0.53",817,"0.45"
"0.53",818,"0.45"
"0.48",819,"0.41"
"0.35",820,"0.26"
"0.34",821,"0.25"
"0.34",822,"0.25"
"0.34",823,"0.25"
"0.34",824,"0.25"
"0.39",825,"0.29"
"0.18",826,"0.11"
"0.16",827,"0.09"
"0.16",828,"0.09"
"0.16",829,"0.09"
"0.15",830,"0.08"
"0.13",831,"0.07"
"0.14",832,"0.07"
"0.14",833,"0.07"
"0.14",834,"0.07"
"0.14",835,"0.07"
"0.09",836,"0.04"
"0.09",837,"0.04"
"0.08",838,"0.03"
"0.08",839,"0.03"
"0.08",840,"0.03"
"0.07",841,"0.02"
"0.07",842,"0.02"
"0.07",843,"0.02"
"0.07",844,"0.02"
"0.07",845,"0.02"
"0.08",846,"0.02"
"0.08",847,"0.02"
"0.08",848,"0.02"
"0.08",849,"0.02"
"0.08",850,"0.02"
"0.08",851,"0.02"
"0.08",852,"0.02"
"0.08",853,"0.02"
"0.08",854,"0.02"
"0.09",855,"0.03"
"0.09",856,"0.03"
"0.1",857,"0.03"
"0.1",858,"0.03"
"0.1",859,"0.03"
"0.12",860,"0.05"
"0.13",861,"0.05"
"0.13",862,"0.05"
"0.13",863,"0.05"
"0.13",864,"0.06"
"0.18",865,"0.1"
"0.18",866,"0.1"
"0.18",867,"0.1"
"0.18",868,"0.1"
"0.19",869,"0.11"
"0.19",870,"0.11"
"0.18",871,"0.11"
"0.18",872,"0.11"
"0.18",873,"0.11"
"0.14",874,"0.07"
"0.12",875,"0.05"
"0.23",876,"0.1"
"0.23",877,"0.1"
"0.22",878,"0.08"
"0.22",879,"0.08"
"0.2",880,"0.09"
"0.21",881,"0.07"
"0.21",882,"0.07"
"0.21",883,"0.07"
"0.21",884,"0.07"
"0.21",885,"0.07"
"0.22",886,"0.08"
"0.22",887,"0.08"
"0.22",888,"0.08"
"0.26",889,"0.06"
"0.26",890,"0.06"
"0.3",891,"0.07"
"0.3",892,"0.07"
"0.3",893,"0.07"
"0.29",894,"0.11"
"0.3",895,"0.12"
"0.3",896,"0.14"
"0.3",897,"0.14"
"0.3",898,"0.14"
"0.3",899,"0.14"
"0.3",900,"0.14"
"0.2",901,"0.09"
"0.2",902,"0.09"
"0.2",903,"0.09"
"0.2",904,"0.09"
"0.16",905,"0.06"
"0.17",906,"0.06"
"0.16",907,"0.06"
"0.16",908,"0.06"
"0.15",909,"0.05"
"0.15",910,"0.05"
"0.14",911,"0.04"
"0.14",912,"0.04"
"0.14",913,"0.04"
"0.14",914,"0.04"
"0.14",915,"0.04"
"0.08",916,"0.03"
"0.08",917,"0.03"
"0.08",918,"0.03"
"0.1",919,"0.04"
"0.1",920,"0.04"
"0.1",921,"0.04"
"0.09",922,"0.03"
"0.09",923,"0.04"
"0.1",924,"0.04"
"0.1",925,"0.04"
"0.15",926,"0.09"
"0.15",927,"0.09"
"0.15",928,"0.08"
"0.15",929,"0.08"
"0.15",930,"0.08"
"0.18",931,"0.09"
"0.17",932,"0.09"
"0.17",933,"0.09"
"0.17",934,"0.09"
"0.17",935,"0.09"
"0.32",936,"0.17"
"0.32",937,"0.17"
"0.26",938,"0.13"
"0.19",939,"0.1"
"0.19",940,"0.1"
"0.19",941,"0.1"
"0.19",942,"0.1"
"0.19",943,"0.1"
"0.19",944,"0.1"
"0.19",945,"0.1"
"0.1",946,"0.02"
"0.1",947,"0.02"
"0.13",948,"0.02"
"0.12",949,"0.01"
"0.12",950,"0.01"
"0.12",951,"0.01"
"0.12",952,"0.01"
"0.12",953,"0.01"
"0.12",954,"0.01"
"0.12",955,"0.01"
"0.14",956,"0.04"
"0.14",957,"0.04"
"0.14",958,"0.04"
"0.14",959,"0.04"
"0.14",960,"0.04"
"0.12",961,"0.04"
"0.12",962,"0.04"
"0.12",963,"0.04"
"0.12",964,"0.04"
"0.12",965,"0.04"
"0.09",966,"0.03"
"0.07",967,"0.02"
"0.07",968,"0.02"
"0.09",969,"0.02"
"0.09",970,"0.02"
"0.09",971,"0.02"
"0.09",972,"0.02"
"0.09",973,"0.02"
"0.09",974,"0.02"
"0.09",975,"0.03"
"0.08",976,"0.04"
"0.08",977,"0.04"
"0.08",978,"0.04"
"0.08",979,"0.04"
"0.08",980,"0.04"
"0.08",981,"0.04"
"0.08",982,"0.04"
"0.09",983,"0.05"
"0.09",984,"0.05"
"0.09",985,"0.04"
"0.13",986,"0.05"
"0.16",987,"0.07"
"0.16",988,"0.07"
"0.16",989,"0.07"
"0.16",990,"0.07"
"0.17",991,"0.08"
"0.16",992,"0.07"
"0.16",993,"0.07"
"0.16",994,"0.06"
"0.16",995,"0.06"
"0.15",996,"0.07"
"0.15",997,"0.07"
"0.15",998,"0.07"
"0.15",999,"0.07"
"0.21",1000,"0.12"
"0.2",1001,"0.11"
"0.2",1002,"0.11"
"0.2",1003,"0.11"
"0.2",1004,"0.11"
"0.21",1005,"0.11"
"0.14",1006,"0.07"
"0.14",1007,"0.07"
"0.13",1008,"0.07"
"0.05",1009,"0.01"
"0.05",1010,"0.01"
"0.04",1011,"0.01"
"0.04",1012,"0.01"
"0.04",1013,"0.01"
"0.04",1014,"0.01"
"0.04",1015,"0.01"
"0.13",1016,"0.06"
"0.13",1017,"0.06"
"0.13",1018,"0.06"
"0.13",1019,"0.07"
"0.13",1020,"0.07"
"0.13",1021,"0.07"
"0.13",1022,"0.07"
"0.13",1023,"0.06"
"0.13",1024,"0.06"
"0.12",1025,"0.06"
"0.21",1026,"0.1"
"0.21",1027,"0.1"
"0.21",1028,"0.1"
"0.18",1029,"0.06"
"0.18",1030,"0.06"
"0.18",1031,"0.06"
"0.18",1032,"0.06"
"0.18",1033,"0.06"
"0.18",1034,"0.06"
"0.18",1035,"0.06"
"0.05",1036,"0.0"
"0.06",1037,"0.0"
"0.06",1038,"0.0"
"0.06",1039,"0.01"
"0.06",1040,"0.01"
"0.06",1041,"0.01"
"0.06",1042,"0.01"
"0.06",1043,"0.01"
"0.06",1044,"0.01"
"0.06",1045,"0.01"
"0.06",1046,"0.01"
"0.08",1047,"0.02"
"0.09",1048,"0.02"
"0.09",1049,"0.02"
"0.09",1050,"0.02"
"0.1",1051,"0.03"
"0.14",1052,"0.06"
"0.14",1053,"0.06"
"0.14",1054,"0.07"
"0.14",1055,"0.07"
"0.2",1056,"0.12"
"0.21",1057,"0.12"
"0.21",1058,"0.12"
"0.22",1059,"0.13"
"0.21",1060,"0.12"
"0.2",1061,"0.12"
"0.2",1062,"0.12"
"0.19",1063,"0.1"
"0.18",1064,"0.1"
"0.17",1065,"0.1"
"0.12",1066,"0.07"
"0.12",1067,"0.07"
"0.12",1068,"0.07"
"0.07",1069,"0.03"
"0.07",1070,"0.03"
"0.07",1071,"0.03"
"0.07",1072,"0.03"
"0.07",1073,"0.03"
"0.06",1074,"0.02"
"0.07",1075,"0.02"
"0.06",1076,"0.02"
"0.05",1077,"0.01"
"0.05",1078,"0.01"
"0.05",1079,"0.01"
"0.05",1080,"0.01"
"0.05",1081,"0.01"
"0.05",1082,"0.01"
"0.05",1083,"0.01"
"0.05",1084,"0.01"
"0.05",1085,"0.01"
"0.07",1086,"0.01"
"0.07",1087,"0.01"
"0.07",1088,"0.01"
"0.09",1089,"0.02"
"0.08",1090,"0.02"
"0.08",1091,"0.02"
"0.08",1092,"0.02"
"0.09",1093,"0.03"
"0.1",1094,"0.03"
"0.1",1095,"0.04"
"0.1",1096,"0.04"
"0.09",1097,"0.03"
"0.09",1098,"0.03"
"0.09",1099,"0.03"
"0.09",1100,"0.03"
"0.1",1101,"0.04"
"0.1",1102,"0.04"
"0.09",1103,"0.03"
"0.08",1104,"0.03"
"0.08",1105,"0.03"
"0.06",1106,"0.02"
"0.06",1107,"0.02"
"0.05",1108,"0.01"
"0.05",1109,"0.01"
"0.05",1110,"0.01"
"0.04",1111,"0.01"
"0.04",1112,"0.01"
"0.04",1113,"0.01"
"0.04",1114,"0.01"
"0.04",1115,"0.01"
"0.06",1116,"0.01"
"0.06",1117,"0.01"
"0.06",1118,"0.01"
"0.06",1119,"0.01"
"0.06",1120,"0.01"
"0.06",1121,"0.01"
"0.06",1122,"0.01"
"0.05",1123,"0.0"
"0.05",1124,"0.0"
"0.05",1125,"0.0"
"0.29",1126,"0.0"
"0.29",1127,"0.0"
"0.29",1128,"0.0"
"0.29",1129,"0.0"
"0.29",1130,"0.0"
"0.2",1131,"0.01"
"0.2",1132,"0.01"
"0.2",1133,"0.01"
"0.2",1134,"0.01"
"0.24",1135,"0.03"
"0.14",1136,"0.06"
"0.16",1137,"0.07"
"0.17",1138,"0.07"
"0.17",1139,"0.07"
"0.17",1140,"0.07"
"0.16",1141,"0.07"
"0.16",1142,"0.07"
"0.16",1143,"0.07"
"0.16",1144,"0.07"
"0.16",1145,"0.07"
"0.26",1146,"0.17"
"0.26",1147,"0.17"
"0.26",1148,"0.17"
"0.25",1149,"0.17"
"0.27",1150,"0.18"
"0.26",1151,"0.17"
"0.26",1152,"0.17"
"0.26",1153,"0.17"
"0.26",1154,"0.17"
"0.22",1155,"0.15"
"0.25",1156,"0.17"
"0.26",1157,"0.17"
"0.25",1158,"0.17"
"0.25",1159,"0.17"
"0.25",1160,"0.17"
"0.25",1161,"0.17"
"0.25",1162,"0.17"
"0.25",1163,"0.17"
"0.25",1164,"0.17"
"0.26",1165,"0.17"
"0.1",1166,"0.04"
"0.1",1167,"0.04"
"0.1",1168,"0.04"
"0.1",1169,"0.04"
"0.1",1170,"0.04"
"0.09",1171,"0.04"
"0.09",1172,"0.04"
"0.09",1173,"0.04"
"0.09",1174,"0.04"
"0.09",1175,"0.04"
"0.08",1176,"0.03"
"0.08",1177,"0.03"
"0.08",1178,"0.03"
"0.08",1179,"0.03"
"0.08",1180,"0.03"
"0.08",1181,"0.03"
"0.07",1182,"0.03"
"0.07",1183,"0.03"
"0.07",1184,"0.03"
"0.07",1185,"0.03"
"0.07",1186,"0.03"
"0.07",1187,"0.03"
"0.07",1188,"0.03"
"0.07",1189,"0.03"
"0.07",1190,"0.03"
"0.07",1191,"0.03"
"0.07",1192,"0.04"
"0.07",1193,"0.04"
"0.09",1194,"0.04"
"0.09",1195,"0.04"
"0.07",1196,"0.03"
"0.07",1197,"0.03"
"0.07",1198,"0.03"
"0.07",1199,"0.03"
"0.07",1200,"0.03"
"0.07",1201,"0.02"
"0.07",1202,"0.03"
"0.07",1203,"0.03"
"0.08",1204,"0.03"
"0.09",1205,"0.04"
"0.13",1206,"0.07"
"0.13",1207,"0.07"
"0.15",1208,"0.09"
"0.15",1209,"0.09"
"0.15",1210,"0.09"
"0.16",1211,"0.1"
"0.16",1212,"0.1"
"0.15",1213,"0.09"
"0.14",1214,"0.08"
"0.14",1215,"0.08"
"0.19",1216,"0.11"
"0.09",1217,"0.03"
"0.08",1218,"0.02"
"0.08",1219,"0.02"
"0.12",1220,"0.06"
"0.12",1221,"0.06"
"0.12",1222,"0.06"
"0.12",1223,"0.06"
"0.12",1224,"0.06"
"0.12",1225,"0.06"
"0.18",1226,"0.09"
"0.18",1227,"0.09"
"0.18",1228,"0.09"
"0.73",1229,"0.01"
"0.73",1230,"0.01"
"0.73",1231,"0.01"
"0.73",1232,"0.01"
"0.73",1233,"0.01"
"0.73",1234,"0.01"
"0.73",1235,"0.01"
"0.31",1236,"0.18"
"0.31",1237,"0.18"
"0.31",1238,"0.18"
"0.31",1239,"0.18"
"0.31",1240,"0.18"
"0.31",1241,"0.18"
"0.31",1242,"0.18"
"0.31",1243,"0.18"
"0.31",1244,"0.18"
"0.31",1245,"0.18"
"0.23",1246,"0.13"
"0.23",1247,"0.14"
"0.23",1248,"0.14"
"0.23",1249,"0.14"
"0.23",1250,"0.14"
"0.23",1251,"0.14"
"0.23",1252,"0.14"
"0.23",1253,"0.14"
"0.23",1254,"0.14"
"0.23",1255,"0.14"
"0.17",1256,"0.09"
"0.17",1257,"0.09"
"0.17",1258,"0.09"
"0.17",1259,"0.09"
"0.17",1260,"0.09"
"0.16",1261,"0.09"
"0.17",1262,"0.09"
"0.17",1263,"0.09"
"0.17",1264,"0.09"
"0.17",1265,"0.09"
"0.22",1266,"0.12"
"0.22",1267,"0.12"
"0.22",1268,"0.12"
"0.22",1269,"0.12"
"0.22",1270,"0.12"
"0.25",1271,"0.12"
"0.25",1272,"0.12"
"0.25",1273,"0.12"
