protein,domain,position_protein,position_domain,aa_Wuhan-Hu-1,mutability_score(IND),mutability_score(DCA),observed_mut_Mar2021,observed_mut_Nov2020,observed_mut_Jul2020,IEDB_upperbound,IEDB_lowerbound,IEDB_response_frequency
Spike,bCoV_S1_RBD,349,1.0,S,-3.7992,-7.0714,0.0,0.0,0.0,0.1,0.05,0.0735632183908046
Spike,bCoV_S1_RBD,350,2.0,V,-5.4405,-6.8487,1.0,0.0,0.0,0.1,0.05,0.06928406466512702
Spike,bCoV_S1_RBD,351,3.0,Y,-4.9535,-7.4424,6.0,1.0,1.0,0.11,0.06,0.08333333333333333
Spike,bCoV_S1_RBD,352,4.0,A,-2.7878,-6.6612,17.0,3.0,2.0,0.1,0.05,0.06921241050119331
Spike,bCoV_S1_RBD,353,5.0,W,-5.7256,-7.8855,4.0,4.0,3.0,0.09,0.04,0.06474820143884892
Spike,bCoV_S1_RBD,354,6.0,N,-1.9813,-4.0555,36.0,14.0,9.0,0.13,0.06,0.09246575342465753
Spike,bCoV_S1_RBD,355,7.0,R,-7.1506,-8.5704,2.0,1.0,0.0,0.12,0.06,0.08620689655172414
Spike,bCoV_S1_RBD,356,8.0,K,-2.3758,-5.0399,21.0,4.0,1.0,0.2,0.12,0.1536050156739812
Spike,bCoV_S1_RBD,357,9.0,R,-1.0194,-5.2048,17.0,6.0,2.0,0.19,0.11,0.14689265536723164
Spike,bCoV_S1_RBD,358,10.0,I,-3.1005,-6.6914,8.0,4.0,1.0,0.1,0.04,0.06229508196721312
Spike,bCoV_S1_RBD,359,11.0,S,-2.8872,-6.2764,23.0,7.0,1.0,0.18,0.11,0.13953488372093023
Spike,bCoV_S1_RBD,360,12.0,N,-4.537,-6.2907,4.0,1.0,1.0,0.11,0.05,0.0728744939271255
Spike,bCoV_S1_RBD,361,13.0,C,-5.9819,-8.5333,9.0,4.0,3.0,0.22,0.13,0.16783216783216784
Spike,bCoV_S1_RBD,362,14.0,V,-4.0413,-6.8402,10.0,1.0,0.0,0.11,0.04,0.07024793388429752
Spike,bCoV_S1_RBD,363,15.0,A,-5.0226,-7.1587,2.0,0.0,0.0,0.11,0.05,0.07407407407407407
Spike,bCoV_S1_RBD,364,16.0,D,-3.3794,-7.2999,3.0,1.0,1.0,0.19,0.08,0.12295081967213115
Spike,bCoV_S1_RBD,365,17.0,Y,-3.6759,-7.1893,4.0,2.0,2.0,0.21,0.1,0.14814814814814814
Spike,bCoV_S1_RBD,366,18.0,S,-4.6607,-6.0143,5.0,2.0,2.0,0.26,0.11,0.1743119266055046
Spike,bCoV_S1_RBD,367,19.0,V,-3.7089999999999996,-6.6817,62.0,20.0,7.0,0.26,0.11,0.1743119266055046
Spike,bCoV_S1_RBD,368,20.0,L,-4.4178,-7.7912,4.0,3.0,2.0,0.26,0.12,0.18181818181818182
Spike,bCoV_S1_RBD,369,21.0,Y,-2.8724,-7.182,6.0,3.0,2.0,0.55,0.41,0.4784688995215311
Spike,bCoV_S1_RBD,370,22.0,N,-3.1872,-7.1045,14.0,5.0,2.0,0.55,0.41,0.47959183673469385
Spike,bCoV_S1_RBD,371,23.0,S,-2.1390000000000002,-7.3436,9.0,5.0,2.0,0.45,0.3,0.36774193548387096
Spike,bCoV_S1_RBD,372,24.0,A,-0.6028,0.0485,17.0,2.0,1.0,0.45,0.3,0.36774193548387096
Spike,bCoV_S1_RBD,373,25.0,S,-0.6402,-6.0893,29.0,8.0,2.0,0.26,0.12,0.17592592592592593
Spike,bCoV_S1_RBD,374,26.0,F,-3.3259,-7.0158,6.0,1.0,0.0,0.47,0.32,0.391304347826087
Spike,bCoV_S1_RBD,375,27.0,S,-3.0951,-7.4614,12.0,3.0,2.0,0.45,0.3,0.3717948717948718
Spike,bCoV_S1_RBD,376,28.0,T,-2.9477,-7.0525,14.0,4.0,2.0,0.45,0.31,0.3772455089820359
Spike,bCoV_S1_RBD,377,29.0,F,-3.6863,-7.721,3.0,2.0,2.0,0.55,0.42,0.4841628959276018
Spike,bCoV_S1_RBD,378,30.0,K,-2.5868,-6.0765,14.0,4.0,1.0,0.54,0.41,0.47619047619047616
Spike,bCoV_S1_RBD,379,31.0,C,-5.4553,-9.1246,4.0,0.0,0.0,0.6,0.46,0.526595744680851
Spike,bCoV_S1_RBD,380,32.0,Y,-1.6336,-7.5777,6.0,3.0,2.0,0.53,0.37,0.4444444444444444
Spike,bCoV_S1_RBD,381,33.0,G,-5.7142,-7.8335,5.0,2.0,1.0,0.45,0.3,0.3741935483870968
Spike,bCoV_S1_RBD,382,34.0,V,-3.5118,-8.472000000000001,24.0,8.0,2.0,0.5,0.33,0.4117647058823529
Spike,bCoV_S1_RBD,383,35.0,S,-4.3634,-7.6377,2.0,0.0,0.0,0.59,0.44,0.5136612021857924
Spike,bCoV_S1_RBD,384,36.0,P,-4.138,-6.1537,54.0,15.0,6.0,0.37,0.27,0.31446540880503143
Spike,bCoV_S1_RBD,385,37.0,T,-2.6489999999999996,-5.9252,26.0,8.0,4.0,0.37,0.27,0.3180327868852459
Spike,bCoV_S1_RBD,386,38.0,K,-2.5631,-7.6474,1.0,0.0,0.0,0.31,0.21,0.25675675675675674
Spike,bCoV_S1_RBD,387,39.0,L,-3.3876,-8.1158,1.0,0.0,0.0,0.17,0.08,0.11739130434782609
Spike,bCoV_S1_RBD,388,40.0,N,-3.5523,-6.0763,4.0,2.0,1.0,0.27,0.17,0.21978021978021978
Spike,bCoV_S1_RBD,389,41.0,D,-2.7559,-7.6592,8.0,2.0,2.0,0.16,0.08,0.11353711790393013
Spike,bCoV_S1_RBD,390,42.0,L,-4.2472,-7.3459,12.0,4.0,3.0,0.3,0.2,0.24199288256227758
Spike,bCoV_S1_RBD,391,43.0,C,-5.1836,-8.9496,1.0,0.0,0.0,0.16,0.07,0.11004784688995216
Spike,bCoV_S1_RBD,392,44.0,F,-1.6913,-7.269,1.0,0.0,0.0,0.3,0.19,0.24031007751937986
Spike,bCoV_S1_RBD,393,45.0,T,-0.7324,-3.6210000000000004,3.0,2.0,1.0,0.16,0.07,0.11004784688995216
Spike,bCoV_S1_RBD,394,46.0,N,-2.6118,-5.2318,15.0,2.0,2.0,0.12,0.06,0.0856269113149847
Spike,bCoV_S1_RBD,395,47.0,V,-2.7392,-7.2588,8.0,3.0,1.0,0.12,0.06,0.0856269113149847
Spike,bCoV_S1_RBD,396,48.0,Y,-2.9761,-7.3669,6.0,3.0,0.0,0.12,0.06,0.08609271523178808
Spike,bCoV_S1_RBD,397,49.0,A,-3.0748,-7.1396,2.0,0.0,0.0,0.12,0.06,0.08609271523178808
Spike,bCoV_S1_RBD,398,50.0,D,-5.7511,-8.666,2.0,1.0,1.0,0.12,0.06,0.08609271523178808
Spike,bCoV_S1_RBD,399,51.0,S,-2.9075,-5.4206,3.0,2.0,2.0,0.12,0.06,0.08609271523178808
Spike,bCoV_S1_RBD,400,52.0,F,-6.194,-8.4179,1.0,0.0,0.0,0.13,0.06,0.08881578947368421
Spike,bCoV_S1_RBD,401,53.0,V,-0.9048,-5.5623,5.0,2.0,1.0,0.13,0.06,0.0891089108910891
Spike,bCoV_S1_RBD,402,54.0,I,-2.4404,-2.9216,12.0,7.0,3.0,0.11,0.05,0.07629427792915532
Spike,bCoV_S1_RBD,403,55.0,R,-0.4564,0.361,9.0,7.0,7.0,0.28,0.21,0.24276169265033407
Spike,bCoV_S1_RBD,404,56.0,G,-2.0140000000000002,-6.4139,9.0,5.0,3.0,0.1,0.03,0.05687203791469194
Spike,bCoV_S1_RBD,405,57.0,D,-3.0659,-6.6927,9.0,2.0,0.0,0.17,0.09,0.12334801762114538
Spike,bCoV_S1_RBD,406,58.0,E,-2.4935,-4.0262,13.0,3.0,0.0,0.12,0.05,0.07692307692307693
Spike,bCoV_S1_RBD,407,59.0,V,-1.9123,-6.7938,12.0,7.0,1.0,0.11,0.05,0.07296137339055794
Spike,bCoV_S1_RBD,408,60.0,R,-2.9339,-6.8809,37.0,10.0,5.0,0.27,0.18,0.22018348623853212
Spike,bCoV_S1_RBD,409,61.0,Q,-4.3215,-7.2942,3.0,2.0,1.0,0.13,0.06,0.09259259259259259
Spike,bCoV_S1_RBD,410,62.0,I,-1.8084,-5.9501,11.0,3.0,1.0,0.12,0.06,0.08239700374531835
Spike,bCoV_S1_RBD,411,63.0,A,-4.4405,-7.3334,20.0,10.0,7.0,0.13,0.06,0.09302325581395349
Spike,bCoV_S1_RBD,412,64.0,P,-2.4328,-7.3788,5.0,2.0,0.0,0.24,0.15,0.19471947194719472
Spike,bCoV_S1_RBD,413,65.0,G,-5.2203,-6.4952,11.0,7.0,4.0,0.14,0.07,0.1
Spike,bCoV_S1_RBD,414,66.0,Q,-3.658,-6.5801,30.0,8.0,2.0,0.31,0.22,0.2616279069767442
Spike,bCoV_S1_RBD,415,67.0,T,-2.4067,-6.8491,17.0,4.0,2.0,0.23,0.14,0.17832167832167833
Spike,bCoV_S1_RBD,416,68.0,G,-5.572,-8.442,0.0,0.0,0.0,0.22,0.14,0.17525773195876287
Spike,bCoV_S1_RBD,417,69.0,K,0.2298,-2.5333,76.0,2.0,1.0,0.36,0.27,0.31554524361948955
Spike,bCoV_S1_RBD,418,70.0,I,-4.2072,-7.6833,2.0,0.0,0.0,0.14,0.07,0.09824561403508772
Spike,bCoV_S1_RBD,419,71.0,A,-1.3130000000000002,-7.2269,8.0,4.0,1.0,0.15,0.08,0.11072664359861592
Spike,bCoV_S1_RBD,420,72.0,D,-2.0942,-7.2687,4.0,0.0,0.0,0.23,0.15,0.18670886075949367
Spike,bCoV_S1_RBD,421,73.0,Y,-4.9108,-8.0656,0.0,0.0,0.0,0.24,0.15,0.19407894736842105
Spike,bCoV_S1_RBD,422,74.0,N,-5.779,-9.1096,0.0,0.0,0.0,0.15,0.07,0.10583941605839416
Spike,bCoV_S1_RBD,423,75.0,Y,-6.609,-8.9532,0.0,0.0,0.0,0.15,0.07,0.10583941605839416
Spike,bCoV_S1_RBD,424,76.0,K,-2.5095,-7.0474,2.0,1.0,0.0,0.12,0.07,0.09071274298056156
Spike,bCoV_S1_RBD,425,77.0,L,-2.8657,-7.8601,2.0,1.0,1.0,0.12,0.07,0.09207708779443255
Spike,bCoV_S1_RBD,426,78.0,P,-3.3772,-7.769,6.0,2.0,2.0,0.1,0.05,0.06683168316831684
Spike,bCoV_S1_RBD,427,79.0,D,-3.2542,-7.1514,27.0,11.0,2.0,0.18,0.11,0.1419068736141907
Spike,bCoV_S1_RBD,428,80.0,D,-3.0329,-7.0546,9.0,1.0,0.0,0.18,0.12,0.14757709251101322
Spike,bCoV_S1_RBD,429,81.0,F,-3.6389,-7.9294,0.0,0.0,0.0,0.18,0.12,0.1456953642384106
Spike,bCoV_S1_RBD,430,82.0,T,-1.0284,-5.4657,13.0,2.0,1.0,0.18,0.12,0.1456953642384106
Spike,bCoV_S1_RBD,431,83.0,G,-4.7773,-7.7127,3.0,3.0,1.0,0.09,0.05,0.06601466992665037
Spike,bCoV_S1_RBD,432,84.0,C,-5.6314,-9.0326,1.0,1.0,1.0,0.11,0.05,0.07536231884057971
Spike,bCoV_S1_RBD,433,85.0,V,-3.7955,-7.1835,4.0,2.0,1.0,0.11,0.05,0.07803468208092486
Spike,bCoV_S1_RBD,434,86.0,I,-2.3638,-4.4284,15.0,3.0,0.0,0.09,0.03,0.0539568345323741
Spike,bCoV_S1_RBD,435,87.0,A,-2.316,-7.7121,5.0,2.0,2.0,0.09,0.04,0.05734767025089606
Spike,bCoV_S1_RBD,436,88.0,W,-1.8299,-7.1727,4.0,2.0,0.0,0.08,0.03,0.046263345195729534
Spike,bCoV_S1_RBD,437,89.0,N,-1.7148,-6.9158,3.0,2.0,1.0,0.09,0.03,0.056338028169014086
Spike,bCoV_S1_RBD,438,90.0,S,-2.4891,-3.5478,4.0,2.0,0.0,0.08,0.03,0.04964539007092199
Spike,bCoV_S1_RBD,439,91.0,N,-3.5373,-2.609,83.0,11.0,0.0,0.1,0.04,0.06535947712418301
Spike,bCoV_S1_RBD,440,92.0,N,-1.7664,-1.2282,31.0,9.0,1.0,0.14,0.07,0.0990990990990991
Spike,bCoV_S1_RBD,441,93.0,L,-3.5306,-1.1781,12.0,2.0,0.0,0.18,0.12,0.14512471655328799
Spike,bCoV_S1_RBD,442,94.0,D,-2.1590000000000003,-7.0246,2.0,0.0,0.0,0.1,0.05,0.06887755102040816
Spike,bCoV_S1_RBD,443,95.0,S,-1.0388,-1.8065,4.0,2.0,2.0,0.1,0.05,0.07360406091370558
Spike,bCoV_S1_RBD,444,96.0,K,-0.2973,-2.3969,20.0,9.0,6.0,0.16,0.1,0.12688172043010754
Spike,bCoV_S1_RBD,445,97.0,V,-3.5317,-0.3316,17.0,2.0,0.0,0.21,0.14,0.17586912065439672
Spike,bCoV_S1_RBD,446,98.0,G,-1.4765,-3.425,35.0,12.0,7.0,0.3,0.22,0.25838926174496646
Spike,bCoV_S1_RBD,447,99.0,G,-1.7730000000000001,-3.6557,8.0,0.0,0.0,0.14,0.08,0.10444444444444445
Spike,bCoV_S1_RBD,448,100.0,N,-4.1258,-5.6606,9.0,2.0,2.0,0.15,0.09,0.11967545638945233
Spike,bCoV_S1_RBD,449,101.0,Y,-4.1995,-3.7562,10.0,1.0,1.0,0.33,0.26,0.28938906752411575
Spike,bCoV_S1_RBD,450,102.0,N,-1.4978,-4.176,16.0,3.0,2.0,0.19,0.13,0.15939278937381404
Spike,bCoV_S1_RBD,451,103.0,Y,-2.7826,-6.0778,5.0,3.0,1.0,0.13,0.08,0.09819639278557114
Spike,bCoV_S1_RBD,452,104.0,L,-4.8208,-5.6212,164.0,12.0,8.0,0.19,0.13,0.1601489757914339
Spike,bCoV_S1_RBD,453,105.0,Y,-1.5156,-6.4992,26.0,13.0,1.0,0.26,0.19,0.22086956521739132
Spike,bCoV_S1_RBD,454,106.0,R,-1.6866,-7.2967,2.0,1.0,0.0,0.13,0.08,0.10436432637571158
Spike,bCoV_S1_RBD,455,107.0,L,-2.5268,-3.8799,25.0,9.0,3.0,0.29,0.22,0.2507936507936508
Spike,bCoV_S1_RBD,456,108.0,F,-0.0348,-4.3826,6.0,1.0,1.0,0.27,0.21,0.23747980613893377
Spike,bCoV_S1_RBD,457,109.0,R,-2.0443,-6.5657,8.0,4.0,4.0,0.17,0.12,0.1423290203327172
Spike,bCoV_S1_RBD,458,110.0,K,-2.9891,-4.256,7.0,2.0,0.0,0.18,0.12,0.14391143911439114
Spike,bCoV_S1_RBD,459,111.0,S,-2.5443,-3.734,24.0,4.0,0.0,0.14,0.08,0.10638297872340426
Spike,bCoV_S1_RBD,460,112.0,N,-1.3359,-2.1661,9.0,4.0,2.0,0.17,0.11,0.13644859813084112
Spike,bCoV_S1_RBD,461,113.0,L,-1.8224,-5.6322,4.0,2.0,0.0,0.11,0.06,0.08333333333333333
Spike,bCoV_S1_RBD,462,114.0,K,-1.8282,-5.3903,9.0,5.0,1.0,0.12,0.07,0.09054325955734406
Spike,bCoV_S1_RBD,463,115.0,P,-4.1041,-7.537000000000001,12.0,5.0,4.0,0.12,0.07,0.09409190371991247
Spike,bCoV_S1_RBD,464,116.0,F,-2.1526,-4.9326,3.0,2.0,2.0,0.12,0.07,0.09482758620689655
Spike,bCoV_S1_RBD,465,117.0,E,-2.1887,-6.4079,5.0,2.0,0.0,0.14,0.08,0.105
Spike,bCoV_S1_RBD,466,118.0,R,-2.2666,-7.019,5.0,1.0,0.0,0.15,0.08,0.11049723756906077
Spike,bCoV_S1_RBD,467,119.0,D,-2.2039,-7.2243,4.0,4.0,3.0,0.15,0.08,0.1132596685082873
Spike,bCoV_S1_RBD,468,120.0,I,-1.0598,-4.7328,22.0,5.0,4.0,0.15,0.09,0.11666666666666667
Spike,bCoV_S1_RBD,469,121.0,S,-0.7325,-6.6095,6.0,2.0,1.0,0.15,0.08,0.1092436974789916
Spike,bCoV_S1_RBD,470,122.0,T,-1.0857,-3.5694,21.0,6.0,4.0,0.19,0.12,0.15384615384615385
Spike,bCoV_S1_RBD,471,123.0,E,1.2763,-3.4699,24.0,7.0,2.0,0.16,0.1,0.1278772378516624
Spike,bCoV_S1_RBD,472,124.0,I,-2.5349,-4.8913,16.0,4.0,1.0,0.17,0.11,0.13670886075949368
Spike,bCoV_S1_RBD,473,125.0,Y,-1.7109,-5.2646,3.0,1.0,1.0,0.22,0.14,0.1796875
Spike,bCoV_S1_RBD,474,126.0,Q,-0.2476,-4.2273,6.0,0.0,0.0,0.18,0.1,0.1357615894039735
Spike,bCoV_S1_RBD,475,127.0,A,-0.4313,-3.3421,31.0,4.0,2.0,0.26,0.17,0.20909090909090908
Spike,bCoV_S1_RBD,476,128.0,G,-2.2327,-4.7856,28.0,6.0,1.0,0.24,0.15,0.19292604501607716
Spike,bCoV_S1_RBD,477,129.0,S,-2.8072,-3.7151,188.0,54.0,7.0,0.22,0.14,0.17737003058103976
Spike,bCoV_S1_RBD,478,130.0,T,-4.2446,-3.8616,61.0,13.0,2.0,0.15,0.08,0.10915492957746478
Spike,bCoV_S1_RBD,479,131.0,P,-3.4438,-4.8911,31.0,8.0,2.0,0.14,0.07,0.09712230215827339
Spike,bCoV_S1_RBD,480,132.0,C,-5.1166,-7.3387,3.0,2.0,2.0,0.4,0.32,0.359375
Spike,bCoV_S1_RBD,481,133.0,N,-2.6559,-4.1711,15.0,4.0,2.0,0.4,0.33,0.3654618473895582
Spike,bCoV_S1_RBD,482,134.0,G,-2.2895,-3.8094,10.0,5.0,2.0,0.4,0.33,0.368
Spike,bCoV_S1_RBD,483,135.0,V,-1.1582,-1.861,32.0,11.0,6.0,0.41,0.34,0.3779527559055118
Spike,bCoV_S1_RBD,484,136.0,E,0.6394,-1.2308,151.0,14.0,5.0,0.48,0.42,0.44849785407725323
Spike,bCoV_S1_RBD,485,137.0,G,-4.4781,-5.5669,19.0,7.0,6.0,0.42,0.35,0.3866837387964149
Spike,bCoV_S1_RBD,486,138.0,F,-1.4776,-1.253,9.0,4.0,3.0,0.43,0.36,0.3960880195599022
Spike,bCoV_S1_RBD,487,139.0,N,-0.7563,-6.426,5.0,4.0,2.0,0.41,0.35,0.3787878787878788
Spike,bCoV_S1_RBD,488,140.0,C,-2.8117,-6.9802,3.0,2.0,2.0,0.36,0.29,0.3234880450070324
Spike,bCoV_S1_RBD,489,141.0,Y,-1.476,-6.4213,6.0,2.0,0.0,0.42,0.35,0.3836104513064133
Spike,bCoV_S1_RBD,490,142.0,F,2.171,0.2784,52.0,9.0,2.0,0.43,0.36,0.39603960396039606
Spike,bCoV_S1_RBD,491,143.0,P,-3.1815,-6.546,6.0,2.0,1.0,0.35,0.28,0.3163841807909605
Spike,bCoV_S1_RBD,492,144.0,L,-1.337,-7.0638,0.0,0.0,0.0,0.37,0.31,0.339699863574352
Spike,bCoV_S1_RBD,493,145.0,Q,1.0106,0.2627,24.0,8.0,4.0,0.44,0.37,0.40197287299630086
Spike,bCoV_S1_RBD,494,146.0,S,-2.356,-1.8557,59.0,9.0,3.0,0.4,0.34,0.37023809523809526
Spike,bCoV_S1_RBD,495,147.0,Y,-3.5461,-7.1363,3.0,2.0,2.0,0.26,0.18,0.2196652719665272
Spike,bCoV_S1_RBD,496,148.0,G,-3.4419,-6.7186,11.0,1.0,0.0,0.24,0.17,0.20518358531317496
Spike,bCoV_S1_RBD,497,149.0,F,-2.2618,-7.2593,0.0,0.0,0.0,0.13,0.07,0.09706546275395034
Spike,bCoV_S1_RBD,498,150.0,Q,-1.3019999999999998,-0.6517,4.0,3.0,3.0,0.26,0.19,0.22174840085287847
Spike,bCoV_S1_RBD,499,151.0,P,-0.8627,-5.0053,18.0,11.0,1.0,0.23,0.16,0.19389978213507625
Spike,bCoV_S1_RBD,500,152.0,T,-1.308,-5.6843,7.0,4.0,2.0,0.25,0.17,0.20905172413793102
Spike,bCoV_S1_RBD,501,153.0,N,-0.7776,-0.2509,590.0,13.0,2.0,0.38,0.3,0.3382084095063985
Spike,bCoV_S1_RBD,502,154.0,G,-2.5569,-6.896,3.0,2.0,2.0,0.29,0.21,0.2488986784140969
Spike,bCoV_S1_RBD,503,155.0,V,-2.0874,-5.2949,18.0,4.0,2.0,0.14,0.08,0.109375
Spike,bCoV_S1_RBD,504,156.0,G,-2.5878,-4.3757,11.0,1.0,1.0,0.17,0.1,0.13043478260869565
Spike,bCoV_S1_RBD,505,157.0,Y,-1.8048,-3.9339999999999997,8.0,4.0,1.0,0.31,0.23,0.26814516129032256
Spike,bCoV_S1_RBD,506,158.0,Q,-2.8360000000000003,-7.3015,7.0,7.0,3.0,0.16,0.1,0.12839506172839507
Spike,bCoV_S1_RBD,507,159.0,P,-2.6883,-6.2452,7.0,2.0,1.0,0.16,0.1,0.12623762376237624
Spike,bCoV_S1_RBD,508,160.0,Y,-4.6568,-4.8244,22.0,6.0,2.0,0.17,0.1,0.13267813267813267
Spike,bCoV_S1_RBD,509,161.0,R,-1.1459,-6.9474,4.0,3.0,2.0,0.15,0.09,0.11528822055137844
Spike,bCoV_S1_RBD,510,162.0,V,-2.3501,-6.7388,5.0,4.0,3.0,0.12,0.07,0.09020618556701031
Spike,bCoV_S1_RBD,511,163.0,V,-3.5117,-7.0489,8.0,7.0,3.0,0.15,0.09,0.11458333333333333
Spike,bCoV_S1_RBD,512,164.0,V,-3.3087,-7.4213,8.0,7.0,1.0,0.15,0.08,0.11286089238845144
Spike,bCoV_S1_RBD,513,165.0,L,-2.0634,-6.9552,5.0,2.0,2.0,0.16,0.1,0.12435233160621761
Spike,bCoV_S1_RBD,514,166.0,S,-4.6035,-7.455,16.0,6.0,3.0,0.17,0.11,0.13636363636363635
Spike,bCoV_S1_RBD,515,167.0,F,-2.9289,-6.6368,4.0,0.0,0.0,0.18,0.11,0.13861386138613863
Spike,bCoV_S1_RBD,516,168.0,E,-1.3276,-6.7014,17.0,6.0,2.0,0.17,0.1,0.13297872340425532
Spike,bCoV_S1_RBD,517,169.0,L,-1.6237,-6.9713,19.0,6.0,2.0,0.24,0.16,0.19617224880382775
Spike,bCoV_S1_RBD,518,170.0,L,-2.7069,-7.2009,11.0,4.0,2.0,0.15,0.09,0.11653116531165311
Spike,bCoV_S1_RBD,519,171.0,H,2.0601,1.2674,13.0,7.0,6.0,0.14,0.07,0.1005586592178771
Spike,bCoV_S1_RBD,520,172.0,A,-0.8556,-4.9278,47.0,9.0,4.0,0.12,0.06,0.08522727272727272
Spike,bCoV_S1_RBD,521,173.0,P,-1.7403,-6.9229,30.0,17.0,14.0,0.1,0.05,0.06948640483383686
Spike,bCoV_S1_RBD,522,174.0,A,-1.5589,-7.2943,72.0,23.0,4.0,0.1,0.05,0.06948640483383686
Spike,bCoV_S1_RBD,523,175.0,T,-2.3753,-7.5158,11.0,1.0,1.0,0.1,0.05,0.06948640483383686
Spike,bCoV_S1_RBD,524,176.0,V,-6.2519,-8.7081,4.0,1.0,1.0,0.37,0.27,0.3202416918429003
Spike,bCoV_S1_RBD,525,177.0,C,-4.8874,-8.8214,4.0,4.0,4.0,0.39,0.28,0.33554817275747506
Spike,bCoV_S1_RBD,526,178.0,G,-4.2317,-7.5933,0.0,0.0,0.0,0.39,0.29,0.33881578947368424
