protein,domain,position_protein,position_domain,aa_Wuhan-Hu-1,mutability_score(IND),mutability_score(DCA),observed_mut_Mar2021,observed_mut_Nov2020,observed_mut_Jul2020,lowerbound_B_cell,upperbound_B_cell,rf_B_cell,lowerbound_T_cell,upperbound_T_cell,rf_T_cell
Spike,bCoV_S1_RBD,349,1.0,S,-3.7992,-7.0714,0.0,0.0,0.0,0.01,0.05,0.026845637583892617,0.12,0.25,0.17518248175182483
Spike,bCoV_S1_RBD,350,2.0,V,-5.4405,-6.8487,1.0,0.0,0.0,0.01,0.04,0.02027027027027027,0.12,0.25,0.17518248175182483
Spike,bCoV_S1_RBD,351,3.0,Y,-4.9535,-7.4424,6.0,1.0,1.0,0.04,0.09,0.061488673139158574,0.11,0.22,0.1524390243902439
Spike,bCoV_S1_RBD,352,4.0,A,-2.7878,-6.6612,17.0,3.0,2.0,0.02,0.06,0.030100334448160536,0.11,0.24,0.16666666666666666
Spike,bCoV_S1_RBD,353,5.0,W,-5.7256,-7.8855,4.0,4.0,3.0,0.01,0.05,0.026845637583892617,0.11,0.24,0.16666666666666666
Spike,bCoV_S1_RBD,354,6.0,N,-1.9813,-4.0555,36.0,14.0,9.0,0.03,0.09,0.049723756906077346,0.11,0.25,0.16964285714285715
Spike,bCoV_S1_RBD,355,7.0,R,-7.1506,-8.5704,2.0,1.0,0.0,0.02,0.08,0.03910614525139665,0.11,0.25,0.16964285714285715
Spike,bCoV_S1_RBD,356,8.0,K,-2.3758,-5.0399,21.0,4.0,1.0,0.13,0.23,0.17410714285714285,0.07,0.2,0.12371134020618557
Spike,bCoV_S1_RBD,357,9.0,R,-1.0194,-5.2048,17.0,6.0,2.0,0.13,0.23,0.17040358744394618,0.08,0.19,0.12030075187969924
Spike,bCoV_S1_RBD,358,10.0,I,-3.1005,-6.6914,8.0,4.0,1.0,0.01,0.06,0.022727272727272728,0.07,0.18,0.11627906976744186
Spike,bCoV_S1_RBD,359,11.0,S,-2.8872,-6.2764,23.0,7.0,1.0,0.12,0.22,0.16289592760180996,0.07,0.18,0.112
Spike,bCoV_S1_RBD,360,12.0,N,-4.537,-6.2907,4.0,1.0,1.0,0.02,0.09,0.04065040650406504,0.07,0.18,0.112
Spike,bCoV_S1_RBD,361,13.0,C,-5.9819,-8.5333,9.0,4.0,3.0,0.16,0.28,0.21084337349397592,0.07,0.18,0.11570247933884298
Spike,bCoV_S1_RBD,362,14.0,V,-4.0413,-6.8402,10.0,1.0,0.0,0.01,0.07,0.024793388429752067,0.07,0.18,0.11570247933884298
Spike,bCoV_S1_RBD,363,15.0,A,-5.0226,-7.1587,2.0,0.0,0.0,0.01,0.08,0.03278688524590164,0.07,0.18,0.11570247933884298
Spike,bCoV_S1_RBD,364,16.0,D,-3.3794,-7.2999,3.0,1.0,1.0,0.04,1.0,1.0,0.07,0.18,0.11570247933884298
Spike,bCoV_S1_RBD,365,17.0,Y,-3.6759,-7.1893,4.0,2.0,2.0,0.55,1.0,1.0,0.08,0.18,0.12101910828025478
Spike,bCoV_S1_RBD,366,18.0,S,-4.6607,-6.0143,5.0,2.0,2.0,0.09,0.41,0.22727272727272727,0.1,0.25,0.16091954022988506
Spike,bCoV_S1_RBD,367,19.0,V,-3.7089999999999996,-6.6817,62.0,20.0,7.0,0.09,0.41,0.22727272727272727,0.1,0.25,0.16091954022988506
Spike,bCoV_S1_RBD,368,20.0,L,-4.4178,-7.7912,4.0,3.0,2.0,0.12,0.44,0.2608695652173913,0.1,0.25,0.16091954022988506
Spike,bCoV_S1_RBD,369,21.0,Y,-2.8724,-7.182,6.0,3.0,2.0,0.63,0.79,0.7165354330708661,0.1,0.25,0.16091954022988506
Spike,bCoV_S1_RBD,370,22.0,N,-3.1872,-7.1045,14.0,5.0,2.0,0.62,0.78,0.7073170731707317,0.09,0.25,0.15384615384615385
Spike,bCoV_S1_RBD,371,23.0,S,-2.1390000000000002,-7.3436,9.0,5.0,2.0,0.55,0.75,0.6578947368421053,0.08,0.23,0.14285714285714285
Spike,bCoV_S1_RBD,372,24.0,A,-0.6028,0.0485,17.0,2.0,1.0,0.55,0.75,0.6578947368421053,0.08,0.23,0.14285714285714285
Spike,bCoV_S1_RBD,373,25.0,S,-0.6402,-6.0893,29.0,8.0,2.0,0.14,0.47,0.2916666666666667,0.08,0.23,0.14285714285714285
Spike,bCoV_S1_RBD,374,26.0,F,-3.3259,-7.0158,6.0,1.0,0.0,0.58,0.77,0.6829268292682927,0.08,0.23,0.14285714285714285
Spike,bCoV_S1_RBD,375,27.0,S,-3.0951,-7.4614,12.0,3.0,2.0,0.55,0.76,0.6623376623376623,0.08,0.23,0.14285714285714285
Spike,bCoV_S1_RBD,376,28.0,T,-2.9477,-7.0525,14.0,4.0,2.0,0.58,0.77,0.6829268292682927,0.09,0.23,0.14285714285714285
Spike,bCoV_S1_RBD,377,29.0,F,-3.6863,-7.721,3.0,2.0,2.0,0.66,0.8,0.7352941176470589,0.09,0.23,0.14285714285714285
Spike,bCoV_S1_RBD,378,30.0,K,-2.5868,-6.0765,14.0,4.0,1.0,0.65,0.8,0.7272727272727273,0.13,0.28,0.19047619047619047
Spike,bCoV_S1_RBD,379,31.0,C,-5.4553,-9.1246,4.0,0.0,0.0,0.63,0.79,0.7165354330708661,0.13,0.32,0.208955223880597
Spike,bCoV_S1_RBD,380,32.0,Y,-1.6336,-7.5777,6.0,3.0,2.0,0.54,0.75,0.6538461538461539,0.13,0.32,0.208955223880597
Spike,bCoV_S1_RBD,381,33.0,G,-5.7142,-7.8335,5.0,2.0,1.0,0.52,0.73,0.6301369863013698,0.09,0.25,0.1566265060240964
Spike,bCoV_S1_RBD,382,34.0,V,-3.5118,-8.472000000000001,24.0,8.0,2.0,0.69,0.9,0.8148148148148148,0.09,0.25,0.1566265060240964
Spike,bCoV_S1_RBD,383,35.0,S,-4.3634,-7.6377,2.0,0.0,0.0,0.74,0.88,0.8207547169811321,0.09,0.25,0.1566265060240964
Spike,bCoV_S1_RBD,384,36.0,P,-4.138,-6.1537,54.0,15.0,6.0,0.33,0.45,0.38589211618257263,0.09,0.25,0.1566265060240964
Spike,bCoV_S1_RBD,385,37.0,T,-2.6489999999999996,-5.9252,26.0,8.0,4.0,0.32,0.45,0.3811659192825112,0.09,0.25,0.1566265060240964
Spike,bCoV_S1_RBD,386,38.0,K,-2.5631,-7.6474,1.0,0.0,0.0,0.2,0.33,0.26285714285714284,0.19,0.34,0.2540983606557377
Spike,bCoV_S1_RBD,387,39.0,L,-3.3876,-8.1158,1.0,0.0,0.0,0.01,0.08,0.032520325203252036,0.15,0.31,0.2222222222222222
Spike,bCoV_S1_RBD,388,40.0,N,-3.5523,-6.0763,4.0,2.0,1.0,0.17,0.29,0.22289156626506024,0.15,0.31,0.2222222222222222
Spike,bCoV_S1_RBD,389,41.0,D,-2.7559,-7.6592,8.0,2.0,2.0,0.01,0.07,0.02459016393442623,0.15,0.31,0.2222222222222222
Spike,bCoV_S1_RBD,390,42.0,L,-4.2472,-7.3459,12.0,4.0,3.0,0.2,0.33,0.25862068965517243,0.15,0.31,0.2222222222222222
Spike,bCoV_S1_RBD,391,43.0,C,-5.1836,-8.9496,1.0,0.0,0.0,0.0,0.05,0.008333333333333333,0.17,0.35,0.24719101123595505
Spike,bCoV_S1_RBD,392,44.0,F,-1.6913,-7.269,1.0,0.0,0.0,0.18,0.31,0.23668639053254437,0.17,0.35,0.24719101123595505
Spike,bCoV_S1_RBD,393,45.0,T,-0.7324,-3.6210000000000004,3.0,2.0,1.0,0.0,0.05,0.008333333333333333,0.17,0.35,0.24719101123595505
Spike,bCoV_S1_RBD,394,46.0,N,-2.6118,-5.2318,15.0,2.0,2.0,0.02,0.06,0.03319502074688797,0.16,0.34,0.2413793103448276
Spike,bCoV_S1_RBD,395,47.0,V,-2.7392,-7.2588,8.0,3.0,1.0,0.01,0.06,0.029166666666666667,0.16,0.34,0.2413793103448276
Spike,bCoV_S1_RBD,396,48.0,Y,-2.9761,-7.3669,6.0,3.0,0.0,0.02,0.06,0.03319502074688797,0.21,0.43,0.3064516129032258
Spike,bCoV_S1_RBD,397,49.0,A,-3.0748,-7.1396,2.0,0.0,0.0,0.01,0.06,0.029166666666666667,0.21,0.43,0.3064516129032258
Spike,bCoV_S1_RBD,398,50.0,D,-5.7511,-8.666,2.0,1.0,1.0,0.01,0.06,0.029166666666666667,0.21,0.43,0.3064516129032258
Spike,bCoV_S1_RBD,399,51.0,S,-2.9075,-5.4206,3.0,2.0,2.0,0.01,0.06,0.029166666666666667,0.21,0.43,0.3064516129032258
Spike,bCoV_S1_RBD,400,52.0,F,-6.194,-8.4179,1.0,0.0,0.0,0.01,0.06,0.029166666666666667,0.21,0.43,0.3125
Spike,bCoV_S1_RBD,401,53.0,V,-0.9048,-5.5623,5.0,2.0,1.0,0.01,0.06,0.029166666666666667,0.22,0.44,0.31746031746031744
Spike,bCoV_S1_RBD,402,54.0,I,-2.4404,-2.9216,12.0,7.0,3.0,0.01,0.05,0.02631578947368421,0.22,0.44,0.31746031746031744
Spike,bCoV_S1_RBD,403,55.0,R,-0.4564,0.361,9.0,7.0,7.0,0.23,0.32,0.27383863080684595,0.22,0.44,0.31746031746031744
Spike,bCoV_S1_RBD,404,56.0,G,-2.0140000000000002,-6.4139,9.0,5.0,3.0,0.03,0.1,0.053475935828877004,0.03,0.27,0.12
Spike,bCoV_S1_RBD,405,57.0,D,-3.0659,-6.6927,9.0,2.0,0.0,0.12,0.22,0.1650943396226415,0.03,0.27,0.12
Spike,bCoV_S1_RBD,406,58.0,E,-2.4935,-4.0262,13.0,3.0,0.0,0.06,0.14,0.09345794392523364,0.03,0.27,0.12
Spike,bCoV_S1_RBD,407,59.0,V,-1.9123,-6.7938,12.0,7.0,1.0,0.04,0.12,0.07177033492822966,0.03,0.27,0.12
Spike,bCoV_S1_RBD,408,60.0,R,-2.9339,-6.8809,37.0,10.0,5.0,0.22,0.32,0.2697841726618705,0.08,0.26,0.14754098360655737
Spike,bCoV_S1_RBD,409,61.0,Q,-4.3215,-7.2942,3.0,2.0,1.0,0.08,0.17,0.11818181818181818,0.09,0.28,0.16393442622950818
Spike,bCoV_S1_RBD,410,62.0,I,-1.8084,-5.9501,11.0,3.0,1.0,0.04,0.1,0.06280193236714976,0.09,0.28,0.16393442622950818
Spike,bCoV_S1_RBD,411,63.0,A,-4.4405,-7.3334,20.0,10.0,7.0,0.04,0.12,0.07177033492822966,0.1,0.29,0.1836734693877551
Spike,bCoV_S1_RBD,412,64.0,P,-2.4328,-7.3788,5.0,2.0,0.0,0.15,0.25,0.1968503937007874,0.1,0.29,0.1836734693877551
Spike,bCoV_S1_RBD,413,65.0,G,-5.2203,-6.4952,11.0,7.0,4.0,0.05,0.13,0.08056872037914692,0.1,0.29,0.1836734693877551
Spike,bCoV_S1_RBD,414,66.0,Q,-3.658,-6.5801,30.0,8.0,2.0,0.24,0.34,0.28903654485049834,0.1,0.29,0.1836734693877551
Spike,bCoV_S1_RBD,415,67.0,T,-2.4067,-6.8491,17.0,4.0,2.0,0.19,0.3,0.24124513618677043,0.1,0.29,0.1836734693877551
Spike,bCoV_S1_RBD,416,68.0,G,-5.572,-8.442,0.0,0.0,0.0,0.2,0.3,0.2441860465116279,0.09,0.29,0.16666666666666666
Spike,bCoV_S1_RBD,417,69.0,K,0.2298,-2.5333,76.0,2.0,1.0,0.43,0.51,0.4691358024691358,0.16,0.34,0.2345679012345679
Spike,bCoV_S1_RBD,418,70.0,I,-4.2072,-7.6833,2.0,0.0,0.0,0.03,0.09,0.05339805825242718,0.14,0.32,0.21518987341772153
Spike,bCoV_S1_RBD,419,71.0,A,-1.3130000000000002,-7.2269,8.0,4.0,1.0,0.04,0.11,0.07142857142857142,0.14,0.32,0.21518987341772153
Spike,bCoV_S1_RBD,420,72.0,D,-2.0942,-7.2687,4.0,0.0,0.0,0.18,0.28,0.22310756972111553,0.14,0.32,0.21518987341772153
Spike,bCoV_S1_RBD,421,73.0,Y,-4.9108,-8.0656,0.0,0.0,0.0,0.19,0.29,0.23605150214592274,0.15,0.33,0.22988505747126436
Spike,bCoV_S1_RBD,422,74.0,N,-5.779,-9.1096,0.0,0.0,0.0,0.03,0.09,0.0481283422459893,0.15,0.33,0.22988505747126436
Spike,bCoV_S1_RBD,423,75.0,Y,-6.609,-8.9532,0.0,0.0,0.0,0.03,0.09,0.0481283422459893,0.15,0.33,0.22988505747126436
Spike,bCoV_S1_RBD,424,76.0,K,-2.5095,-7.0474,2.0,1.0,0.0,0.02,0.07,0.04220779220779221,0.13,0.26,0.1870967741935484
Spike,bCoV_S1_RBD,425,77.0,L,-2.8657,-7.8601,2.0,1.0,1.0,0.02,0.07,0.04220779220779221,0.14,0.26,0.18867924528301888
Spike,bCoV_S1_RBD,426,78.0,P,-3.3772,-7.769,6.0,2.0,2.0,0.03,0.07,0.045307443365695796,0.09,0.23,0.14583333333333334
Spike,bCoV_S1_RBD,427,79.0,D,-3.2542,-7.1514,27.0,11.0,2.0,0.11,0.18,0.1384180790960452,0.1,0.24,0.15463917525773196
Spike,bCoV_S1_RBD,428,80.0,D,-3.0329,-7.0546,9.0,1.0,0.0,0.11,0.19,0.14804469273743018,0.1,0.24,0.15463917525773196
Spike,bCoV_S1_RBD,429,81.0,F,-3.6389,-7.9294,0.0,0.0,0.0,0.11,0.18,0.14325842696629212,0.1,0.24,0.15463917525773196
Spike,bCoV_S1_RBD,430,82.0,T,-1.0284,-5.4657,13.0,2.0,1.0,0.11,0.18,0.14325842696629212,0.1,0.24,0.15463917525773196
Spike,bCoV_S1_RBD,431,83.0,G,-4.7773,-7.7127,3.0,3.0,1.0,0.02,0.06,0.03278688524590164,0.1,0.25,0.16346153846153846
Spike,bCoV_S1_RBD,432,84.0,C,-5.6314,-9.0326,1.0,1.0,1.0,0.02,0.07,0.03734439834024896,0.1,0.25,0.16346153846153846
Spike,bCoV_S1_RBD,433,85.0,V,-3.7955,-7.1835,4.0,2.0,1.0,0.02,0.07,0.04132231404958678,0.1,0.25,0.16346153846153846
Spike,bCoV_S1_RBD,434,86.0,I,-2.3638,-4.4284,15.0,3.0,0.0,0.01,0.06,0.028925619834710745,0.11,0.36,0.2222222222222222
Spike,bCoV_S1_RBD,435,87.0,A,-2.316,-7.7121,5.0,2.0,2.0,0.02,0.06,0.03292181069958848,0.11,0.36,0.2222222222222222
Spike,bCoV_S1_RBD,436,88.0,W,-1.8299,-7.1727,4.0,2.0,0.0,0.01,0.06,0.028925619834710745,0.07,0.27,0.15384615384615385
Spike,bCoV_S1_RBD,437,89.0,N,-1.7148,-6.9158,3.0,2.0,1.0,0.02,0.07,0.04081632653061224,0.07,0.27,0.15384615384615385
Spike,bCoV_S1_RBD,438,90.0,S,-2.4891,-3.5478,4.0,2.0,0.0,0.02,0.06,0.03292181069958848,0.07,0.27,0.15384615384615385
Spike,bCoV_S1_RBD,439,91.0,N,-3.5373,-2.609,83.0,11.0,0.0,0.03,0.09,0.052434456928838954,0.07,0.27,0.15384615384615385
Spike,bCoV_S1_RBD,440,92.0,N,-1.7664,-1.2282,31.0,9.0,1.0,0.06,0.13,0.08992805755395683,0.1,0.29,0.17543859649122806
Spike,bCoV_S1_RBD,441,93.0,L,-3.5306,-1.1781,12.0,2.0,0.0,0.11,0.18,0.14507772020725387,0.1,0.29,0.17543859649122806
Spike,bCoV_S1_RBD,442,94.0,D,-2.1590000000000003,-7.0246,2.0,0.0,0.0,0.03,0.08,0.05120481927710843,0.09,0.28,0.16666666666666666
Spike,bCoV_S1_RBD,443,95.0,S,-1.0388,-1.8065,4.0,2.0,2.0,0.04,0.09,0.05970149253731343,0.09,0.28,0.16666666666666666
Spike,bCoV_S1_RBD,444,96.0,K,-0.2973,-2.3969,20.0,9.0,6.0,0.09,0.16,0.12189054726368159,0.1,0.28,0.171875
Spike,bCoV_S1_RBD,445,97.0,V,-3.5317,-0.3316,17.0,2.0,0.0,0.14,0.21,0.17339667458432304,0.12,0.31,0.2028985507246377
Spike,bCoV_S1_RBD,446,98.0,G,-1.4765,-3.425,35.0,12.0,7.0,0.26,0.34,0.2954091816367265,0.08,0.22,0.13592233009708737
Spike,bCoV_S1_RBD,447,99.0,G,-1.7730000000000001,-3.6557,8.0,0.0,0.0,0.07,0.13,0.09302325581395349,0.09,0.23,0.14953271028037382
Spike,bCoV_S1_RBD,448,100.0,N,-4.1258,-5.6606,9.0,2.0,2.0,0.06,0.12,0.08771929824561403,0.15,0.27,0.20261437908496732
Spike,bCoV_S1_RBD,449,101.0,Y,-4.1995,-3.7562,10.0,1.0,1.0,0.3,0.39,0.34303534303534305,0.15,0.28,0.20754716981132076
Spike,bCoV_S1_RBD,450,102.0,N,-1.4978,-4.176,16.0,3.0,2.0,0.12,0.19,0.1556122448979592,0.15,0.28,0.20567375886524822
Spike,bCoV_S1_RBD,451,103.0,Y,-2.7826,-6.0778,5.0,3.0,1.0,0.04,0.09,0.05740181268882175,0.13,0.24,0.17857142857142858
Spike,bCoV_S1_RBD,452,104.0,L,-4.8208,-5.6212,164.0,12.0,8.0,0.16,0.24,0.19592875318066158,0.13,0.24,0.17682926829268292
Spike,bCoV_S1_RBD,453,105.0,Y,-1.5156,-6.4992,26.0,13.0,1.0,0.23,0.32,0.2737819025522042,0.13,0.24,0.17682926829268292
Spike,bCoV_S1_RBD,454,106.0,R,-1.6866,-7.2967,2.0,1.0,0.0,0.06,0.12,0.08157099697885196,0.1,0.2,0.14285714285714285
Spike,bCoV_S1_RBD,455,107.0,L,-2.5268,-3.8799,25.0,9.0,3.0,0.32,0.4,0.3572938689217759,0.1,0.2,0.14285714285714285
Spike,bCoV_S1_RBD,456,108.0,F,-0.0348,-4.3826,6.0,1.0,1.0,0.3,0.38,0.3405639913232104,0.1,0.2,0.14285714285714285
Spike,bCoV_S1_RBD,457,109.0,R,-2.0443,-6.5657,8.0,4.0,4.0,0.15,0.23,0.1876675603217158,0.08,0.17,0.11538461538461539
Spike,bCoV_S1_RBD,458,110.0,K,-2.9891,-4.256,7.0,2.0,0.0,0.17,0.25,0.2026315789473684,0.08,0.17,0.11538461538461539
Spike,bCoV_S1_RBD,459,111.0,S,-2.5443,-3.734,24.0,4.0,0.0,0.1,0.17,0.1349206349206349,0.04,0.13,0.07534246575342465
Spike,bCoV_S1_RBD,460,112.0,N,-1.3359,-2.1661,9.0,4.0,2.0,0.15,0.23,0.18858560794044665,0.04,0.12,0.06896551724137931
Spike,bCoV_S1_RBD,461,113.0,L,-1.8224,-5.6322,4.0,2.0,0.0,0.06,0.11,0.07887323943661972,0.05,0.17,0.09900990099009901
Spike,bCoV_S1_RBD,462,114.0,K,-1.8282,-5.3903,9.0,5.0,1.0,0.06,0.11,0.08146067415730338,0.08,0.18,0.11971830985915492
Spike,bCoV_S1_RBD,463,115.0,P,-4.1041,-7.537000000000001,12.0,5.0,4.0,0.06,0.11,0.08146067415730338,0.09,0.23,0.14705882352941177
Spike,bCoV_S1_RBD,464,116.0,F,-2.1526,-4.9326,3.0,2.0,2.0,0.06,0.11,0.07887323943661972,0.1,0.23,0.15454545454545454
Spike,bCoV_S1_RBD,465,117.0,E,-2.1887,-6.4079,5.0,2.0,0.0,0.06,0.13,0.08934707903780069,0.1,0.23,0.15454545454545454
Spike,bCoV_S1_RBD,466,118.0,R,-2.2666,-7.019,5.0,1.0,0.0,0.06,0.13,0.08934707903780069,0.13,0.32,0.20833333333333334
Spike,bCoV_S1_RBD,467,119.0,D,-2.2039,-7.2243,4.0,4.0,3.0,0.06,0.13,0.09246575342465753,0.12,0.31,0.2
Spike,bCoV_S1_RBD,468,120.0,I,-1.0598,-4.7328,22.0,5.0,4.0,0.07,0.14,0.1016949152542373,0.12,0.31,0.19696969696969696
Spike,bCoV_S1_RBD,469,121.0,S,-0.7325,-6.6095,6.0,2.0,1.0,0.06,0.13,0.08934707903780069,0.12,0.31,0.19696969696969696
Spike,bCoV_S1_RBD,470,122.0,T,-1.0857,-3.5694,21.0,6.0,4.0,0.13,0.21,0.17065868263473055,0.12,0.31,0.19696969696969696
Spike,bCoV_S1_RBD,471,123.0,E,1.2763,-3.4699,24.0,7.0,2.0,0.1,0.17,0.1289308176100629,0.11,0.28,0.1794871794871795
Spike,bCoV_S1_RBD,472,124.0,I,-2.5349,-4.8913,16.0,4.0,1.0,0.12,0.2,0.1580547112462006,0.11,0.28,0.1794871794871795
Spike,bCoV_S1_RBD,473,125.0,Y,-1.7109,-5.2646,3.0,1.0,1.0,0.2,0.29,0.23893805309734514,0.09,0.27,0.16176470588235295
Spike,bCoV_S1_RBD,474,126.0,Q,-0.2476,-4.2273,6.0,0.0,0.0,0.13,0.22,0.1695501730103806,0.06,0.32,0.16
Spike,bCoV_S1_RBD,475,127.0,A,-0.4313,-3.3421,31.0,4.0,2.0,0.23,0.32,0.270516717325228,0.06,0.32,0.16
Spike,bCoV_S1_RBD,476,128.0,G,-2.2327,-4.7856,28.0,6.0,1.0,0.21,0.3,0.2523364485981308,0.03,0.4,0.15384615384615385
Spike,bCoV_S1_RBD,477,129.0,S,-2.8072,-3.7151,188.0,54.0,7.0,0.19,0.28,0.2298507462686567,0.03,0.4,0.15384615384615385
Spike,bCoV_S1_RBD,478,130.0,T,-4.2446,-3.8616,61.0,13.0,2.0,0.11,0.2,0.15087719298245614,0.03,0.4,0.15384615384615385
Spike,bCoV_S1_RBD,479,131.0,P,-3.4438,-4.8911,31.0,8.0,2.0,0.08,0.15,0.1111111111111111,0.03,0.4,0.15384615384615385
Spike,bCoV_S1_RBD,480,132.0,C,-5.1166,-7.3387,3.0,2.0,2.0,0.33,0.41,0.36971830985915494,0.03,0.4,0.15384615384615385
Spike,bCoV_S1_RBD,481,133.0,N,-2.6559,-4.1711,15.0,4.0,2.0,0.37,0.44,0.4011299435028249,0.05,0.21,0.10714285714285714
Spike,bCoV_S1_RBD,482,134.0,G,-2.2895,-3.8094,10.0,5.0,2.0,0.37,0.44,0.40365682137834036,0.05,0.21,0.10714285714285714
Spike,bCoV_S1_RBD,483,135.0,V,-1.1582,-1.861,32.0,11.0,6.0,0.38,0.45,0.41517241379310343,0.05,0.21,0.10714285714285714
Spike,bCoV_S1_RBD,484,136.0,E,0.6394,-1.2308,151.0,14.0,5.0,0.47,0.53,0.49818840579710144,0.05,0.21,0.10714285714285714
Spike,bCoV_S1_RBD,485,137.0,G,-4.4781,-5.5669,19.0,7.0,6.0,0.4,0.47,0.43700787401574803,0.05,0.21,0.10714285714285714
Spike,bCoV_S1_RBD,486,138.0,F,-1.4776,-1.253,9.0,4.0,3.0,0.43,0.5,0.46307884856070086,0.05,0.19,0.09722222222222222
Spike,bCoV_S1_RBD,487,139.0,N,-0.7563,-6.426,5.0,4.0,2.0,0.4,0.47,0.43741765480895917,0.05,0.19,0.09722222222222222
Spike,bCoV_S1_RBD,488,140.0,C,-2.8117,-6.9802,3.0,2.0,2.0,0.33,0.41,0.36874051593323215,0.05,0.19,0.09722222222222222
Spike,bCoV_S1_RBD,489,141.0,Y,-1.476,-6.4213,6.0,2.0,0.0,0.43,0.5,0.462033462033462,0.06,0.17,0.09821428571428571
Spike,bCoV_S1_RBD,490,142.0,F,2.171,0.2784,52.0,9.0,2.0,0.41,0.48,0.4409030544488712,0.06,0.21,0.11842105263157894
Spike,bCoV_S1_RBD,491,143.0,P,-3.1815,-6.546,6.0,2.0,1.0,0.31,0.38,0.3453689167974882,0.06,0.21,0.11842105263157894
Spike,bCoV_S1_RBD,492,144.0,L,-1.337,-7.0638,0.0,0.0,0.0,0.34,0.42,0.37853949329359166,0.06,0.21,0.11842105263157894
Spike,bCoV_S1_RBD,493,145.0,Q,1.0106,0.2627,24.0,8.0,4.0,0.42,0.49,0.4585492227979275,0.06,0.21,0.11842105263157894
Spike,bCoV_S1_RBD,494,146.0,S,-2.356,-1.8557,59.0,9.0,3.0,0.38,0.44,0.4099616858237548,0.06,0.2,0.10666666666666667
Spike,bCoV_S1_RBD,495,147.0,Y,-3.5461,-7.1363,3.0,2.0,2.0,0.22,0.31,0.2645631067961165,0.06,0.2,0.11392405063291139
Spike,bCoV_S1_RBD,496,148.0,G,-3.4419,-6.7186,11.0,1.0,0.0,0.22,0.3,0.25735294117647056,0.05,0.19,0.09722222222222222
Spike,bCoV_S1_RBD,497,149.0,F,-2.2618,-7.2593,0.0,0.0,0.0,0.07,0.14,0.09850746268656717,0.05,0.16,0.09259259259259259
Spike,bCoV_S1_RBD,498,150.0,Q,-1.3019999999999998,-0.6517,4.0,3.0,3.0,0.23,0.31,0.26634382566585957,0.04,0.18,0.08823529411764706
Spike,bCoV_S1_RBD,499,151.0,P,-0.8627,-5.0053,18.0,11.0,1.0,0.17,0.25,0.20930232558139536,0.06,0.2,0.1111111111111111
Spike,bCoV_S1_RBD,500,152.0,T,-1.308,-5.6843,7.0,4.0,2.0,0.21,0.3,0.2518518518518518,0.06,0.2,0.1111111111111111
Spike,bCoV_S1_RBD,501,153.0,N,-0.7776,-0.2509,590.0,13.0,2.0,0.42,0.5,0.4572317262830482,0.06,0.25,0.13636363636363635
Spike,bCoV_S1_RBD,502,154.0,G,-2.5569,-6.896,3.0,2.0,2.0,0.25,0.34,0.29534883720930233,0.06,0.25,0.13636363636363635
Spike,bCoV_S1_RBD,503,155.0,V,-2.0874,-5.2949,18.0,4.0,2.0,0.09,0.16,0.12209302325581395,0.07,0.26,0.14893617021276595
Spike,bCoV_S1_RBD,504,156.0,G,-2.5878,-4.3757,11.0,1.0,1.0,0.09,0.16,0.12058823529411765,0.15,0.33,0.22784810126582278
Spike,bCoV_S1_RBD,505,157.0,Y,-1.8048,-3.9339999999999997,8.0,4.0,1.0,0.28,0.37,0.3227990970654628,0.15,0.33,0.23170731707317074
Spike,bCoV_S1_RBD,506,158.0,Q,-2.8360000000000003,-7.3015,7.0,7.0,3.0,0.06,0.12,0.08841463414634146,0.21,0.41,0.2987012987012987
Spike,bCoV_S1_RBD,507,159.0,P,-2.6883,-6.2452,7.0,2.0,1.0,0.06,0.12,0.0856269113149847,0.21,0.41,0.2987012987012987
Spike,bCoV_S1_RBD,508,160.0,Y,-4.6568,-4.8244,22.0,6.0,2.0,0.07,0.13,0.09393939393939393,0.21,0.41,0.2987012987012987
Spike,bCoV_S1_RBD,509,161.0,R,-1.1459,-6.9474,4.0,3.0,2.0,0.05,0.1,0.07142857142857142,0.21,0.41,0.2987012987012987
Spike,bCoV_S1_RBD,510,162.0,V,-2.3501,-6.7388,5.0,4.0,3.0,0.02,0.07,0.03858520900321544,0.21,0.41,0.2987012987012987
Spike,bCoV_S1_RBD,511,163.0,V,-3.5117,-7.0489,8.0,7.0,3.0,0.03,0.08,0.044534412955465584,0.18,0.32,0.24087591240875914
Spike,bCoV_S1_RBD,512,164.0,V,-3.3087,-7.4213,8.0,7.0,1.0,0.03,0.08,0.044534412955465584,0.17,0.32,0.23880597014925373
Spike,bCoV_S1_RBD,513,165.0,L,-2.0634,-6.9552,5.0,2.0,2.0,0.03,0.08,0.044534412955465584,0.2,0.35,0.26618705035971224
Spike,bCoV_S1_RBD,514,166.0,S,-4.6035,-7.455,16.0,6.0,3.0,0.05,0.11,0.072,0.18,0.32,0.2465753424657534
Spike,bCoV_S1_RBD,515,167.0,F,-2.9289,-6.6368,4.0,0.0,0.0,0.05,0.12,0.07630522088353414,0.18,0.31,0.23870967741935484
Spike,bCoV_S1_RBD,516,168.0,E,-1.3276,-6.7014,17.0,6.0,2.0,0.07,0.14,0.1015625,0.14,0.29,0.2066115702479339
Spike,bCoV_S1_RBD,517,169.0,L,-1.6237,-6.9713,19.0,6.0,2.0,0.15,0.24,0.1891891891891892,0.15,0.29,0.21311475409836064
Spike,bCoV_S1_RBD,518,170.0,L,-2.7069,-7.2009,11.0,4.0,2.0,0.05,0.11,0.07258064516129033,0.15,0.29,0.21311475409836064
Spike,bCoV_S1_RBD,519,171.0,H,2.0601,1.2674,13.0,7.0,6.0,0.03,0.09,0.05371900826446281,0.14,0.29,0.20512820512820512
Spike,bCoV_S1_RBD,520,172.0,A,-0.8556,-4.9278,47.0,9.0,4.0,0.03,0.09,0.04979253112033195,0.11,0.25,0.16964285714285715
Spike,bCoV_S1_RBD,521,173.0,P,-1.7403,-6.9229,30.0,17.0,14.0,0.03,0.08,0.04878048780487805,0.07,0.22,0.12941176470588237
Spike,bCoV_S1_RBD,522,174.0,A,-1.5589,-7.2943,72.0,23.0,4.0,0.03,0.08,0.04878048780487805,0.07,0.22,0.12941176470588237
Spike,bCoV_S1_RBD,523,175.0,T,-2.3753,-7.5158,11.0,1.0,1.0,0.03,0.09,0.05263157894736842,0.07,0.22,0.12941176470588237
Spike,bCoV_S1_RBD,524,176.0,V,-6.2519,-8.7081,4.0,1.0,1.0,0.33,0.45,0.3861788617886179,0.07,0.22,0.12941176470588237
Spike,bCoV_S1_RBD,525,177.0,C,-4.8874,-8.8214,4.0,4.0,4.0,0.33,0.45,0.3861788617886179,0.05,0.22,0.10909090909090909
Spike,bCoV_S1_RBD,526,178.0,G,-4.2317,-7.5933,0.0,0.0,0.0,0.33,0.45,0.3861788617886179,0.07,0.25,0.13793103448275862
